grid_id,center_lat,center_lon,n_restaurants,avg_score,grade_a_ratio,cuisine_diversity,n_target,suitability_score,label
-9212_5092,40.738737418622,-73.7017696578665,4,20.75,0.25,3,0,0.009088591,0
-9212_5093,40.751885666235005,-73.70276629105301,12,18.5,0.5833333333333334,10,0,0.0052943495,0
-9213_5090,40.72765130975,-73.71008896187,2,18.5,0.5,2,0,0.1059367,0
-9213_5092,40.737144895057924,-73.70955729140077,13,13.923076923076923,0.46153846153846156,9,0,0.016219001,0
-9213_5093,40.7491412418,-73.7080172631964,5,14.6,0.8,4,0,0.001974917,0
-9213_5094,40.753338177941,-73.706793265343,1,11.0,1.0,1,0,0.0050382377,0
-9214_5090,40.7261671658025,-73.71723148576909,10,17.6,0.7,9,0,0.26242226,0
-9214_5091,40.735403459572666,-73.71722739946632,3,10.0,1.0,3,0,0.029025547,0
-9214_5092,40.74001541811175,-73.715546871272,8,24.375,0.375,7,0,0.0068377275,0
-9214_5093,40.74572538237833,-73.71441212157977,9,19.333333333333332,0.5555555555555556,9,0,0.0011034628,0
-9214_5094,40.759281066406,-73.713491876883,2,17.0,0.5,2,0,0.006323035,0
-9215_5086,40.6908641697575,-73.7279404739605,2,29.5,0.5,2,0,0.20273265,0
-9215_5090,40.725011216919114,-73.72315123893412,9,10.555555555555555,0.6666666666666666,8,0,0.35276082,0
-9215_5092,40.74242589462825,-73.7217782299695,4,20.0,0.5,3,0,0.0061251647,0
-9215_5095,40.7634084132612,-73.7259846276672,5,10.6,0.8,4,0,0.022330007,0
-9216_5083,40.66504431346464,-73.73344661592701,14,10.428571428571429,0.8571428571428571,10,0,1.6753491,0
-9216_5084,40.6742228232834,-73.7323996088799,10,13.6,0.6,7,0,1.0164115,0
-9216_5086,40.6928108208025,-73.73286804339716,6,11.6,0.8333333333333334,3,0,0.05469228,0
-9216_5089,40.715299097147664,-73.7346357882514,15,13.466666666666667,0.8,8,0,0.47785956,0
-9216_5090,40.724486968867595,-73.731097299845,5,12.25,0.6,5,0,0.2338066,0
-9216_5091,40.728414771005,-73.735828855036,1,9.0,1.0,1,0,0.17844951,0
-9216_5094,40.75457176298,-73.7284661342,1,40.0,0.0,1,0,0.006192104,0
-9216_5095,40.7604378097045,-73.731386489516,6,18.2,0.3333333333333333,5,0,0.038228806,0
-9216_5096,40.77130644578106,-73.7349487253553,17,14.470588235294118,0.6470588235294118,12,0,0.6029312,0
-9217_5079,40.636898139343,-73.7406603384275,2,11.5,1.0,2,0,0.0018245317,0
-9217_5082,40.66028131248233,-73.73937423793068,6,13.0,0.6666666666666666,5,0,2.4687562,0
-9217_5083,40.667120871756,-73.73697131978733,3,10.333333333333334,0.6666666666666666,2,0,1.4860591,0
-9217_5084,40.6760633652116,-73.74033489049134,15,18.153846153846153,0.5333333333333333,6,0,0.66072506,0
-9217_5086,40.694605050006835,-73.73844921212083,6,15.2,0.3333333333333333,5,0,0.04096842,0
-9217_5087,40.69631582857675,-73.74334037926275,4,11.0,0.75,4,0,0.02307275,0
-9217_5088,40.7052305398655,-73.73983802477925,4,15.25,0.5,3,0,0.045536663,0
-9217_5089,40.71633313783801,-73.73848184714834,18,16.11111111111111,0.7222222222222222,11,0,0.31465,0
-9217_5090,40.72575902748533,-73.74036249735167,3,8.0,1.0,3,0,0.3878632,0
-9217_5091,40.7313365214848,-73.73954226759079,5,11.8,0.8,4,0,0.6209606,0
-9217_5094,40.755536294462,-73.738399124866,1,7.0,1.0,1,0,0.39759693,0
-9217_5095,40.76730874797728,-73.73845842969615,7,16.714285714285715,0.7142857142857143,6,0,0.14528322,0
-9217_5096,40.769758228587214,-73.73699102394929,14,12.153846153846153,0.8571428571428571,8,0,0.33861914,0
-9218_5074,40.59511925786,-73.75039051128,1,12.0,1.0,1,0,7.493355e-05,0
-9218_5075,40.603278374619,-73.75064349729888,8,16.285714285714285,0.375,7,0,7.493355e-05,0
-9218_5079,40.637485043437,-73.745338442796,1,7.0,1.0,1,0,0.0018245317,0
-9218_5083,40.66806230389933,-73.74962629058467,3,15.333333333333334,0.6666666666666666,3,0,0.35939783,0
-9218_5084,40.678247518142335,-73.746813401716,9,18.77777777777778,0.5555555555555556,4,0,0.44078836,0
-9218_5086,40.69568470227529,-73.74761800717829,7,12.5,0.5714285714285714,5,0,0.007910967,0
-9218_5087,40.699914652205,-73.7469348833645,2,29.5,0.5,2,0,0.009892824,0
-9218_5088,40.70715654126385,-73.75130236367428,7,12.714285714285714,0.8571428571428571,5,0,0.015719356,0
-9218_5089,40.71551736263257,-73.74763744120715,7,8.5,0.8571428571428571,7,0,0.14818847,0
-9218_5090,40.7272587289,-73.749056612651,1,28.0,0.0,1,0,0.27955925,0
-9218_5091,40.7324457539197,-73.74616558706239,10,7.3,1.0,7,0,0.84084487,0
-9218_5092,40.736866607767254,-73.747397375585,4,15.0,0.75,4,0,1.6852007,0
-9218_5095,40.76558194397086,-73.74546044794329,7,17.571428571428573,0.5714285714285714,5,0,0.9659537,0
-9218_5096,40.7686935209225,-73.74892154737199,2,13.5,0.5,2,0,1.2046838,0
-9219_5074,40.596715756933854,-73.75410782209357,7,9.0,1.0,6,0,6.0208167e-05,0
-9219_5075,40.603635479921785,-73.75373026488714,23,20.59090909090909,0.5217391304347826,11,0,7.493355e-05,0
-9219_5076,40.61023345304,-73.7535428115,1,58.0,0.0,1,0,7.493355e-05,0
-9219_5083,40.66588380020243,-73.75595850892185,7,12.833333333333334,0.5714285714285714,5,0,0.2864301,0
-9219_5084,40.6783615550085,-73.754336877169,8,11.25,0.875,5,0,0.19144335,0
-9219_5085,40.6806948121125,-73.75281810450674,4,9.0,1.0,4,0,0.18550362,0
-9219_5086,40.69352111154783,-73.75555969335367,6,9.8,0.6666666666666666,4,0,0.029721964,0
-9219_5087,40.700056008219,-73.754496984002,2,53.5,0.5,2,0,0.015219911,0
-9219_5088,40.7063789652122,-73.7571210057966,5,9.2,1.0,2,0,0.006271516,0
-9219_5089,40.71533459403257,-73.75503626574971,7,16.0,0.7142857142857143,7,0,0.07394338,0
-9219_5090,40.72480709662,-73.75387149783,1,13.0,1.0,1,0,0.2905602,0
-9219_5091,40.73367496674,-73.75880364023,1,13.0,1.0,1,0,1.7445322,0
-9219_5092,40.7403111365894,-73.7587347768704,10,10.8,0.7,8,0,6.5518923,0
-9219_5093,40.74892640682225,-73.7565157781363,20,13.9,0.6,10,0,24.948868,0
-9219_5094,40.753482206772006,-73.75795562851849,4,12.75,0.5,2,0,35.922794,0
-9219_5095,40.7618591152405,-73.7591993411,2,11.0,0.5,2,0,57.50454,0
-9219_5097,40.77632972251,-73.7528354427,1,5.0,1.0,1,0,5.034798,0
-9220_5074,40.5991431194255,-73.76398538145651,2,10.5,1.0,2,0,4.5398734e-05,0
-9220_5082,40.657575634304,-73.76754483862733,3,19.0,0.6666666666666666,3,0,2.88131,0
-9220_5083,40.6683796478995,-73.7662321340865,2,7.5,0.0,2,0,0.2771092,0
-9220_5084,40.676074875715834,-73.76255897113467,6,12.0,0.8333333333333334,5,0,0.14189294,0
-9220_5085,40.68142447480862,-73.76517132495962,16,17.428571428571427,0.5,7,0,0.06059287,0
-9220_5086,40.69165294207808,-73.76302133931931,13,16.307692307692307,0.6923076923076923,9,0,0.01496445,0
-9220_5087,40.7006978005459,-73.7644742324209,10,11.4,0.8,7,0,0.05128906,0
-9220_5088,40.709591461821,-73.767710218994,1,11.0,1.0,1,0,0.5550891,0
-9220_5089,40.714660154364,-73.76324272256824,9,14.0,0.6666666666666666,8,0,0.22575167,0
-9220_5090,40.72049970350222,-73.76068175360855,9,13.666666666666666,0.6666666666666666,9,0,0.24822485,0
-9220_5093,40.74737465330433,-73.763017312993,3,10.333333333333334,1.0,3,0,41.69353,0
-9220_5094,40.756488727894165,-73.767509347766,6,10.333333333333334,1.0,5,0,76.33494,0
-9220_5095,40.760981954372355,-73.76452078626447,17,14.0,0.5882352941176471,11,2,70.19287,1
-9221_5074,40.59570006866,-73.77502512325,1,24.0,0.0,1,0,0.17907114,0
-9221_5082,40.662042753299,-73.76925536007444,7,12.857142857142858,0.7142857142857143,4,0,1.1773103,0
-9221_5083,40.671630689064,-73.774367864914,3,14.5,0.3333333333333333,2,0,0.25845128,0
-9221_5084,40.67303146275075,-73.7731175938565,4,10.75,1.0,3,0,0.19146101,0
-9221_5085,40.684122398978246,-73.77032412802775,4,13.5,0.75,3,0,0.09007092,0
-9221_5088,40.709888932930575,-73.77353138032072,7,20.714285714285715,0.42857142857142855,7,0,0.85801613,0
-9221_5089,40.71436440496767,-73.77171203445899,3,9.0,1.0,2,0,0.7342997,0
-9221_5094,40.75822996724027,-73.77068811072435,26,16.0,0.5769230769230769,11,1,76.350494,1
-9221_5095,40.76376203030028,-73.77120839479369,68,16.323076923076922,0.6617647058823529,32,1,74.49999,1
-9221_5096,40.76908586380066,-73.77393412706901,3,21.0,0.3333333333333333,3,0,73.67996,0
-9221_5097,40.780451748585,-73.7755193102434,5,7.4,1.0,5,0,49.255676,0
-9222_5074,40.593586813749,-73.776548165888,1,0.0,0.0,1,0,0.10634309,0
-9222_5080,40.645162294368,-73.77887315938567,3,7.333333333333333,1.0,2,0,20.315552,0
-9222_5082,40.66342894001233,-73.77700536273633,3,15.666666666666666,0.3333333333333333,3,0,0.5215057,0
-9222_5083,40.66792675310884,-73.781054629522,6,21.166666666666668,0.5,4,0,0.29659122,0
-9222_5084,40.67925238366791,-73.77816560774801,11,10.909090909090908,0.7272727272727273,9,0,0.13539225,0
-9222_5085,40.6830299813845,-73.78227757942949,2,17.5,0.5,2,0,0.18799728,0
-9222_5086,40.692415059582004,-73.77945396854729,7,28.285714285714285,0.8571428571428571,5,0,0.17624158,0
-9222_5087,40.69870027730583,-73.78294022977467,6,10.166666666666666,0.8333333333333334,5,0,0.7977308,0
-9222_5088,40.707605718120746,-73.78120917291174,8,14.125,0.625,5,0,1.2727561,0
-9222_5089,40.71316553094489,-73.78150524700578,19,18.105263157894736,0.5789473684210527,12,0,6.936251,0
-9222_5091,40.72973139001127,-73.78065027117447,15,16.666666666666668,0.4666666666666667,7,0,17.839544,0
-9222_5092,40.73693331674,-73.7779871009905,2,10.5,1.0,2,0,13.556761,0
-9222_5093,40.744167702635,-73.776145833857,1,8.0,1.0,1,0,42.434967,0
-9222_5094,40.7557670984842,-73.7806979835607,10,12.444444444444445,0.7,8,0,76.95427,0
-9222_5095,40.7670469360192,-73.78153145532761,5,15.8,0.4,5,0,71.54584,0
-9222_5097,40.77837295512039,-73.77786770619323,13,12.538461538461538,0.7692307692307693,11,1,54.71288,1
-9222_5098,40.784113109602,-73.776567118668,1,12.0,1.0,1,0,43.132187,0
-9222_5104,40.838464836905004,-73.783216517497,5,14.8,0.6,2,0,0.08837428,0
-9222_5105,40.840054042881,-73.783798244201,1,10.0,1.0,1,0,0.08837428,0
-9223_5074,40.593946067336,-73.789412331977,1,5.0,1.0,1,0,3.1902492,0
-9223_5081,40.64831282606863,-73.78828149759275,35,8.82857142857143,0.9428571428571428,16,1,39.667202,1
-9223_5083,40.667635235226,-73.789286923318,1,8.0,1.0,1,0,0.7896814,0
-9223_5084,40.67367982661562,-73.79030214548085,13,10.0,0.9230769230769231,7,0,0.62728953,0
-9223_5085,40.687772709469,-73.790236273549,1,25.0,0.0,1,0,0.96678424,0
-9223_5086,40.695227577172005,-73.790259612052,2,21.0,0.0,2,0,4.105332,0
-9223_5087,40.70021681844167,-73.79134263736101,3,7.0,0.3333333333333333,3,0,9.864205,0
-9223_5088,40.70879310810248,-73.78829075851252,35,16.515151515151516,0.6857142857142857,15,0,9.468244,0
-9223_5089,40.71224714496175,-73.7879622090875,4,11.0,1.0,4,0,10.808792,0
-9223_5090,40.72536089227866,-73.78981341325819,32,12.25,0.6875,19,0,23.95048,0
-9223_5092,40.739793143325265,-73.7886370592205,30,18.928571428571427,0.5333333333333333,16,0,19.09192,0
-9223_5094,40.757359024946815,-73.78775521627077,22,16.454545454545453,0.5454545454545454,13,2,79.56883,1
-9223_5095,40.76558425677694,-73.78916145824576,17,13.375,0.5882352941176471,13,0,75.50371,0
-9223_5096,40.769437744152796,-73.79012390971539,5,10.4,0.8,4,0,63.340454,0
-9223_5098,40.78834653318533,-73.78722655347866,3,15.0,0.6666666666666666,3,0,10.930608,0
-9223_5105,40.844897852676624,-73.7858272866335,8,10.625,0.875,6,0,0.123807,0
-9223_5106,40.85275552252772,-73.789614763036,11,13.1,0.7272727272727273,6,0,0.123807,0
-9223_5107,40.8569618950535,-73.790598942504,2,15.0,0.5,1,0,0.26545262,0
-9224_5073,40.59013097385013,-73.79730052789425,8,18.5,0.5,7,1,35.35015,1
-9224_5074,40.59282653473875,-73.79645245469774,4,10.75,1.0,4,0,12.472303,0
-9224_5083,40.667802067997606,-73.79624639360199,5,12.4,0.8,2,0,2.0159104,0
-9224_5084,40.673879054874,-73.79614402174572,7,12.142857142857142,0.7142857142857143,7,0,1.1648096,0
-9224_5085,40.68577460125547,-73.79371680287919,15,14.266666666666667,0.6666666666666666,11,0,0.69515127,0
-9224_5086,40.69055344627325,-73.797260055176,4,11.0,1.0,3,0,2.8057106,0
-9224_5087,40.70225215150006,-73.7968486112645,16,9.875,0.875,11,0,18.850054,0
-9224_5088,40.70789307304726,-73.79594922939226,54,18.94,0.5185185185185185,19,3,35.607414,1
-9224_5090,40.7230110832115,-73.799963182573,4,26.0,0.25,4,0,25.592026,0
-9224_5091,40.73330543987,-73.794575670435,2,23.5,0.5,2,0,18.384163,0
-9224_5092,40.73886194563567,-73.795454640448,6,8.166666666666666,0.8333333333333334,5,1,25.087244,1
-9224_5094,40.75653307087077,-73.79476464244985,13,14.0,0.5384615384615384,8,0,76.70614,0
-9224_5095,40.7627553994475,-73.7968670100005,2,18.5,0.5,2,0,78.353836,0
-9224_5096,40.771940794817915,-73.79470908632742,12,13.583333333333334,0.75,10,0,37.50235,0
-9224_5097,40.7798664832345,-73.79391694400518,6,15.333333333333334,0.8333333333333334,3,0,19.728586,0
-9224_5098,40.78654847001,-73.79308004511,1,13.0,1.0,1,0,3.8630633,0
-9225_5073,40.591021472313,-73.800907378727,1,13.0,1.0,1,0,22.823198,0
-9225_5081,40.65199285202,-73.80649090852,1,12.0,1.0,1,0,25.871696,0
-9225_5083,40.665613936342,-73.80654315304099,2,10.5,0.0,1,0,7.5964823,0
-9225_5084,40.67460462827576,-73.8042681514193,17,16.352941176470587,0.5294117647058824,8,0,6.921517,0
-9225_5085,40.683313551435,-73.806471780988,1,9.0,1.0,1,0,5.2925014,0
-9225_5086,40.69471216407967,-73.8035241890295,6,21.333333333333332,0.6666666666666666,5,0,5.9379807,0
-9225_5087,40.70021244721817,-73.80550936150954,41,11.81578947368421,0.6829268292682927,17,0,10.834733,0
-9225_5088,40.70745212456135,-73.80305723811601,23,16.045454545454547,0.6086956521739131,14,0,17.209044,0
-9225_5089,40.71550230400441,-73.80567769183835,17,16.294117647058822,0.5294117647058824,12,0,34.987045,0
-9225_5090,40.721804136250604,-73.8042277992185,10,15.666666666666666,0.7,9,1,29.943129,1
-9225_5091,40.7329955063106,-73.80476383315799,5,21.4,0.2,5,0,17.966864,0
-9225_5092,40.73667925852,-73.80267524605,1,33.0,0.0,1,0,19.600887,0
-9225_5094,40.757542498725265,-73.80432460222879,15,14.266666666666667,0.6666666666666666,10,1,80.672066,1
-9225_5095,40.762176806130036,-73.80430048638767,62,17.57377049180328,0.5645161290322581,12,1,79.829094,1
-9225_5096,40.77118215349,-73.80335967278,1,12.0,1.0,1,0,47.535484,0
-9225_5097,40.78022799027975,-73.8022383221645,8,12.875,0.75,8,0,4.1012435,0
-9225_5098,40.7868704637,-73.80778381475,1,13.0,1.0,1,0,1.5183829,0
-9225_5099,40.7934472337486,-73.8069998205812,5,11.8,0.8,5,0,0.99549174,0
-9225_5101,40.81042190185825,-73.8021685921585,4,22.75,0.5,2,0,1.129516,0
-9226_5073,40.5868991520152,-73.8136006295244,20,10.2,0.8,12,0,2.41754,0
-9226_5082,40.657993227981,-73.808286342379,1,21.0,0.0,1,0,24.844822,0
-9226_5083,40.66767474213433,-73.810886249846,3,11.0,1.0,3,0,9.484456,0
-9226_5084,40.67539749266118,-73.81302799855882,11,12.909090909090908,0.6363636363636364,5,0,15.0164995,0
-9226_5085,40.68254259807725,-73.81413575486975,4,7.5,0.75,4,0,17.241411,0
-9226_5086,40.69114534018307,-73.81306617493071,14,16.615384615384617,0.6428571428571429,10,0,12.715125,0
-9226_5087,40.70178968359468,-73.81124813141645,25,18.166666666666668,0.6,14,0,6.7106833,0
-9226_5088,40.705200073978496,-73.80972901109845,18,19.647058823529413,0.5,11,0,7.6918135,0
-9226_5089,40.71863046563678,-73.81227187379488,9,15.0,0.3333333333333333,6,0,38.25344,0
-9226_5090,40.722889601252334,-73.81060158276334,6,8.333333333333334,1.0,6,1,28.284887,1
-9226_5091,40.7304194869908,-73.8129820196546,10,15.88888888888889,0.6,7,1,32.799755,1
-9226_5092,40.739242542566664,-73.81468847774583,12,16.75,0.5833333333333334,10,1,69.78102,1
-9226_5094,40.75559849689908,-73.81461902483558,12,20.166666666666668,0.5,9,1,89.94188,1
-9226_5095,40.763778440960685,-73.81300884213225,80,17.935064935064936,0.45,14,4,86.45035,1
-9226_5097,40.780592217789,-73.8088401139285,2,6.0,0.5,2,0,3.3907213,0
-9226_5098,40.78849291229908,-73.81345377047177,27,13.5,0.7037037037037037,13,0,1.6057646,0
-9226_5099,40.79324585843475,-73.8094464995885,4,18.5,0.75,4,0,0.7047603,0
-9226_5101,40.81453854978,-73.81505543619,1,8.0,1.0,1,0,0.74140066,0
-9226_5102,40.81995465798,-73.81044459845,1,13.0,1.0,1,0,0.4411866,0
-9226_5103,40.830404288245,-73.815737491535,2,9.5,1.0,1,0,1.088438,0
-9226_5107,40.86345899894,-73.8105515014,1,13.0,1.0,1,0,1.548798,0
-9226_5109,40.87321857928,-73.80847698878,1,8.0,1.0,1,0,1.1139969,0
-9227_5073,40.586055121398836,-73.81875143265417,6,16.166666666666668,0.6666666666666666,5,0,0.28586793,0
-9227_5074,40.598113079795,-73.820244825255,2,10.5,1.0,2,0,2.1267858,0
-9227_5075,40.60422422759834,-73.81986935864133,3,12.666666666666666,0.6666666666666666,3,0,1.2163495,0
-9227_5083,40.670343642528145,-73.82117978585015,7,15.714285714285714,0.5714285714285714,7,0,21.7327,0
-9227_5084,40.6763550280363,-73.8205057658898,10,15.333333333333334,0.6,5,0,28.308578,0
-9227_5085,40.68537324370689,-73.82222298874117,18,15.11111111111111,0.7222222222222222,10,1,36.26031,1
-9227_5086,40.690296484097665,-73.81826777115896,21,23.235294117647058,0.42857142857142855,8,0,12.129486,0
-9227_5087,40.70233179147383,-73.81887253323772,18,14.0,0.6666666666666666,12,0,11.329283,0
-9227_5088,40.70809493845823,-73.81784094906061,13,10.846153846153847,0.7692307692307693,11,0,14.296915,0
-9227_5089,40.7181578253812,-73.817783471945,5,17.6,0.4,5,0,23.442743,0
-9227_5090,40.7258686645377,-73.82141492737921,10,17.1,0.6,4,0,46.336555,0
-9227_5091,40.730163282330196,-73.823638949415,5,18.0,0.4,3,0,45.11693,0
-9227_5093,40.750456955375626,-73.8187857168138,16,22.125,0.375,5,2,89.09486,1
-9227_5094,40.75429398521959,-73.821456650132,22,15.409090909090908,0.6818181818181818,10,1,89.74741,1
-9227_5095,40.765298550184,-73.81971189293691,20,15.2,0.75,9,0,86.96444,0
-9227_5097,40.776891406683,-73.8175795330755,2,9.0,1.0,2,0,18.652477,0
-9227_5098,40.7868833774125,-73.819132850375,4,11.75,1.0,4,0,5.6915703,0
-9227_5099,40.794026297592,-73.818045243939,1,9.0,1.0,1,0,0.9839245,0
-9227_5101,40.81323610925,-73.82285511755,1,34.0,0.0,1,0,0.7675911,0
-9227_5102,40.82101809666146,-73.8183375499298,15,15.666666666666666,0.6666666666666666,10,0,0.7494046,0
-9227_5103,40.82662344045538,-73.8211871243623,21,13.714285714285714,0.7142857142857143,16,0,0.9730649,0
-9227_5104,40.83557337778,-73.81792033743,1,13.0,1.0,1,0,3.421063,0
-9227_5105,40.84619085316033,-73.81959596597734,3,15.0,0.6666666666666666,2,0,12.623631,0
-9227_5108,40.8653780942065,-73.822487905959,4,11.0,1.0,4,0,0.73265755,0
-9227_5110,40.88587555189,-73.822809094059,1,10.0,1.0,1,0,1.3169416,0
-9227_5111,40.89002293855901,-73.819932273019,3,10.0,1.0,3,0,4.41864,0
-9228_5072,40.581475630568,-73.829111320267,5,16.0,0.8,2,0,0.013916737,0
-9228_5082,40.65966532384933,-73.83068690684301,3,9.0,1.0,2,0,23.41677,0
-9228_5084,40.67764950030831,-73.82860538691581,32,9.46875,0.875,14,1,50.39851,1
-9228_5085,40.68559892057655,-73.82750157443316,20,12.38888888888889,0.6,10,0,31.28758,0
-9228_5086,40.6910945170103,-73.82848483889495,17,19.0,0.5882352941176471,5,0,19.508137,0
-9228_5087,40.70030690535906,-73.82961693832561,18,16.375,0.5555555555555556,11,0,16.230427,0
-9228_5088,40.70813746168986,-73.83041215991753,21,15.65,0.6666666666666666,10,0,18.873327,0
-9228_5089,40.71348716292692,-73.82925349677801,12,21.166666666666668,0.5,8,0,19.1591,0
-9228_5091,40.7332814112608,-73.8251187195038,5,20.2,0.6,2,0,63.951714,0
-9228_5092,40.743519971307,-73.82562512357683,11,19.818181818181817,0.5454545454545454,2,0,80.13592,0
-9228_5093,40.74839393658325,-73.82660812418776,12,16.75,0.5,5,0,82.57666,0
-9228_5094,40.75815367246049,-73.82932226854489,152,17.272108843537413,0.5526315789473685,23,4,89.365906,1
-9228_5095,40.76201242800621,-73.82919953126695,125,18.419354838709676,0.56,21,3,87.633095,1
-9228_5096,40.77371157320338,-73.82550916963112,8,23.75,0.625,7,1,76.14497,1
-9228_5097,40.779241207156,-73.82785545218384,6,8.333333333333334,1.0,5,0,55.419468,0
-9228_5103,40.83030012608162,-73.82584575514254,13,10.846153846153847,0.7692307692307693,9,0,2.0874045,0
-9228_5104,40.833448612588505,-73.82809782382334,18,14.11111111111111,0.7777777777777778,10,0,4.079782,0
-9228_5105,40.845174360764766,-73.83092755361791,21,14.142857142857142,0.6666666666666666,15,0,14.535239,0
-9228_5106,40.8519070549162,-73.8286317953648,10,18.8,0.7,8,0,14.616783,0
-9228_5108,40.86740881445752,-73.82931816054733,46,14.73913043478261,0.6956521739130435,25,0,0.27902883,0
-9228_5109,40.8771214631098,-73.8282125218662,5,9.8,0.6,4,0,0.22859198,0
-9228_5110,40.8850787550342,-73.8273261482578,5,9.2,1.0,5,0,0.53529406,0
-9228_5111,40.88842854162133,-73.83097325302033,9,12.88888888888889,0.5555555555555556,6,0,0.31720978,0
-9229_5072,40.5804188240822,-73.8366772307217,20,15.368421052631579,0.65,13,0,0.00536804,0
-9229_5081,40.653131654562166,-73.83838512963217,18,14.352941176470589,0.5555555555555556,12,0,21.078175,0
-9229_5082,40.657596522777,-73.839482979111,5,13.2,0.8,4,0,22.412548,0
-9229_5083,40.670777979249,-73.838249265318,1,10.0,1.0,1,0,33.87716,0
-9229_5084,40.6778220037222,-73.83505725488939,5,10.333333333333334,0.6,4,0,51.53662,0
-9229_5085,40.68464548728588,-73.83530840048273,34,14.709677419354838,0.6470588235294118,14,1,38.4923,1
-9229_5086,40.69141309433643,-73.83541422497443,7,15.142857142857142,0.7142857142857143,6,0,33.586197,0
-9229_5087,40.697886511445866,-73.83558914169122,23,15.954545454545455,0.6956521739130435,11,0,13.501885,0
-9229_5088,40.7072500121046,-73.8353348137631,10,15.222222222222221,0.6,8,0,18.034754,0
-9229_5089,40.71693715372242,-73.8349626460168,26,14.523809523809524,0.6153846153846154,16,1,57.392384,1
-9229_5093,40.751833143971496,-73.832935536717,2,15.0,0.5,2,1,86.87645,1
-9229_5094,40.75802710071246,-73.83356380187763,80,18.5974025974026,0.525,14,4,89.764565,1
-9229_5095,40.7613355856716,-73.83334267569944,58,16.894736842105264,0.5689655172413793,15,1,87.633095,1
-9229_5096,40.769342929063825,-73.83498166296793,17,14.0625,0.7647058823529411,10,0,87.49404,0
-9229_5097,40.781664802026,-73.836920863315,2,20.0,0.5,2,0,83.08357,0
-9229_5098,40.786530007148365,-73.83672801473345,11,12.909090909090908,0.8181818181818182,8,0,78.30222,0
-9229_5101,40.811599588713,-73.835329966218,1,13.0,1.0,1,0,10.71335,0
-9229_5102,40.823678037300496,-73.836420051251,8,16.875,0.75,6,0,7.070132,0
-9229_5103,40.824147438678,-73.836455025077,1,7.0,1.0,1,0,8.107365,0
-9229_5104,40.837244165403334,-73.83541682134944,9,17.5,0.4444444444444444,8,0,8.225301,0
-9229_5105,40.84444946118273,-73.83501659359128,11,15.2,0.45454545454545453,7,0,16.174515,0
-9229_5106,40.852134436919,-73.839545233085,1,10.0,1.0,1,0,32.840405,0
-9229_5107,40.863796685179,-73.833660066902,1,3.0,1.0,1,0,1.4633893,0
-9229_5108,40.8673991848462,-73.83464455954261,5,10.6,1.0,5,0,0.5294248,0
-9229_5109,40.877758648808495,-73.8371561764705,2,19.0,0.5,2,0,0.1155334,0
-9229_5110,40.88230400155513,-73.83651431110124,8,13.25,0.75,5,0,0.10754004,0
-9230_5072,40.58128655015,-73.84799971758,2,16.0,0.5,1,0,0.0038190563,0
-9230_5082,40.66143813727483,-73.84044247513006,17,10.705882352941176,0.9411764705882353,11,0,25.724691,0
-9230_5083,40.6696751650325,-73.8426146921635,8,12.25,0.875,8,1,32.21621,1
-9230_5084,40.67607079327865,-73.84383058879787,14,11.285714285714286,0.8571428571428571,10,0,23.071424,0
-9230_5085,40.68227474944919,-73.84429758464339,31,14.758620689655173,0.6451612903225806,15,0,21.196045,0
-9230_5086,40.692900358679765,-73.84303697947433,21,13.19047619047619,0.7142857142857143,11,0,20.546246,0
-9230_5088,40.70981855974086,-73.84684445681872,7,19.857142857142858,0.42857142857142855,7,0,44.16285,0
-9230_5089,40.71921729469676,-73.8428711873144,42,14.921052631578947,0.5476190476190477,20,0,62.408344,0
-9230_5090,40.720794049789,-73.8453498130257,44,15.475,0.6136363636363636,26,3,73.64469,1
-9230_5094,40.7555644737805,-73.84453421243225,4,9.5,0.75,2,0,37.68367,0
-9230_5095,40.760497372311,-73.842921762649,1,38.0,0.0,1,0,31.448645,0
-9230_5096,40.771432976166665,-73.843941673961,3,13.666666666666666,0.3333333333333333,1,0,77.37423,0
-9230_5097,40.78203023959731,-73.84525485465635,29,20.178571428571427,0.4827586206896552,12,2,85.8262,1
-9230_5098,40.78441749337538,-73.84554229217284,13,13.615384615384615,0.7692307692307693,7,0,85.45239,0
-9230_5103,40.831407601911,-73.844589426555,1,13.0,1.0,1,0,21.276833,0
-9230_5104,40.83719372962633,-73.84633863399101,9,11.555555555555555,0.8888888888888888,6,0,40.798664,0
-9230_5105,40.841971505183174,-73.84400344808775,28,11.592592592592593,0.7142857142857143,15,1,48.02371,1
-9230_5106,40.8504609065061,-73.8438843342404,10,9.3,0.9,8,0,42.17512,0
-9230_5107,40.86147711805878,-73.84345800761756,9,11.555555555555555,0.8888888888888888,7,0,5.4043574,0
-9230_5108,40.8703314490765,-73.84564792354308,12,12.454545454545455,0.4166666666666667,7,0,0.2588105,0
-9230_5109,40.87749455394788,-73.84568294879182,16,15.75,0.625,7,0,0.029069887,0
-9230_5110,40.883146174118,-73.844853311561,2,9.5,1.0,2,0,0.05184917,0
-9230_5111,40.889945154124,-73.843018903317,4,7.5,1.0,4,0,0.032244693,0
-9230_5112,40.90141233767,-73.84689219767,1,13.0,1.0,1,0,0.09117372,0
-9231_5072,40.57834629820744,-73.84940758447468,9,19.444444444444443,0.8888888888888888,7,0,0.0038190563,0
-9231_5083,40.666130558172604,-73.8516719512696,5,15.0,0.6,5,0,12.069787,0
-9231_5084,40.679879975513,-73.850606510087,5,18.8,0.4,3,0,7.3838115,0
-9231_5085,40.6838244494488,-73.8514233239302,10,15.0,0.8,8,0,5.671706,0
-9231_5086,40.69361073467462,-73.85211724006055,29,16.06896551724138,0.6551724137931034,13,0,9.003915,0
-9231_5087,40.702335291737334,-73.85511256140734,3,10.0,1.0,3,0,17.421206,0
-9231_5088,40.71033456705992,-73.8512692577895,24,17.434782608695652,0.625,18,0,40.886467,0
-9231_5090,40.72478496771258,-73.85221169437652,38,15.657142857142857,0.631578947368421,18,2,73.462456,1
-9231_5091,40.73283692466811,-73.84980426184289,17,19.6875,0.5294117647058824,10,0,67.43903,0
-9231_5092,40.74251367701756,-73.85450564714681,16,15.4,0.625,9,0,28.147326,0
-9231_5093,40.75039003064693,-73.85472013014807,15,22.533333333333335,0.4666666666666667,11,0,15.09289,0
-9231_5094,40.75206662225,-73.85420271659,1,12.0,1.0,1,0,13.770646,0
-9231_5098,40.785639833277,-73.855826142429,1,13.0,1.0,1,0,82.80382,0
-9231_5101,40.813622380172,-73.855667748662,1,8.0,1.0,1,0,2.5921395,0
-9231_5102,40.821374009111494,-73.848566555601,4,11.75,0.75,4,0,11.812266,0
-9231_5103,40.82962243916294,-73.85063294129881,16,15.3125,0.8125,11,0,26.996925,0
-9231_5104,40.834377313723444,-73.85256287883936,43,16.256410256410255,0.6744186046511628,20,2,54.553658,1
-9231_5105,40.84360242443037,-73.85110622663058,19,14.052631578947368,0.5789473684210527,11,1,63.798832,1
-9231_5106,40.851952498497,-73.85422325726482,27,13.222222222222221,0.6666666666666666,14,1,54.63704,1
-9231_5107,40.856977539259496,-73.85559498794825,4,14.25,0.75,2,0,22.784357,0
-9231_5108,40.87003206919,-73.8501826028025,4,24.0,0.5,2,0,0.36434138,0
-9231_5109,40.874724893023185,-73.85110544543551,16,20.0,0.5625,9,0,0.14253706,0
-9231_5110,40.884954580415,-73.85170050134444,7,16.0,0.5714285714285714,4,0,0.026648015,0
-9231_5111,40.8912574165252,-73.8506707535184,5,10.8,0.8,5,0,0.019294161,0
-9231_5112,40.90021429579158,-73.8523813961029,31,17.258064516129032,0.5806451612903226,11,0,0.059849933,0
-9231_5113,40.90511974349525,-73.84947384762876,4,33.5,0.25,2,0,0.09117372,0
-9232_5082,40.663983682971,-73.860487605874,1,13.0,1.0,1,0,4.1174607,0
-9232_5083,40.671260185007114,-73.85734445783277,9,10.666666666666666,0.8888888888888888,8,0,2.3715813,0
-9232_5084,40.6787573826967,-73.8617952847199,10,16.0,0.5,7,0,0.5230059,0
-9232_5085,40.682818724672,-73.8594399321178,5,19.75,0.0,5,0,1.0287,0
-9232_5086,40.69225508802242,-73.86030768468615,26,14.52,0.6923076923076923,13,0,1.6611116,0
-9232_5087,40.70317009794,-73.85984625364,1,12.0,1.0,1,0,19.086277,0
-9232_5088,40.71031020863633,-73.85915254524753,15,9.733333333333333,0.8666666666666667,10,0,45.94624,0
-9232_5089,40.71793123452243,-73.85806601101044,7,18.0,0.42857142857142855,7,0,56.029713,0
-9232_5090,40.727893354303,-73.858502399649,1,30.0,0.0,1,0,72.407684,0
-9232_5091,40.72989806489035,-73.86166690516652,40,13.972972972972974,0.675,20,1,73.10241,1
-9232_5092,40.740454349018066,-73.85929673128338,16,19.266666666666666,0.5625,11,0,32.781513,0
-9232_5093,40.7489939221842,-73.86159274708979,87,15.5625,0.5632183908045977,14,0,18.478874,0
-9232_5094,40.7560531726805,-73.86136855505994,16,16.933333333333334,0.5,9,0,19.145744,0
-9232_5095,40.762375775153664,-73.85920745288567,3,17.666666666666668,0.3333333333333333,3,0,18.104765,0
-9232_5101,40.81219083811,-73.85663903301,1,10.0,1.0,1,0,2.5950503,0
-9232_5102,40.82162836968675,-73.85919829105175,4,9.0,1.0,4,0,18.649881,0
-9232_5103,40.82731391795287,-73.85952857821867,15,12.733333333333333,0.7333333333333333,8,0,20.485514,0
-9232_5104,40.83535613838954,-73.86030205881153,42,11.710526315789474,0.6190476190476191,22,0,33.467197,0
-9232_5105,40.846646747565835,-73.85944156051717,6,13.166666666666666,0.8333333333333334,5,0,62.162518,0
-9232_5106,40.848573975566495,-73.8590489511565,2,13.0,1.0,2,0,59.573097,0
-9232_5107,40.863221202395664,-73.85823143185634,3,9.666666666666666,1.0,3,0,4.9908376,0
-9232_5108,40.867475128700896,-73.8610298276803,20,14.157894736842104,0.6,14,0,1.3769697,0
-9232_5109,40.876517729932374,-73.86183125453337,8,17.375,0.5,5,0,0.20249526,0
-9232_5110,40.88457665691857,-73.86094616095023,21,14.277777777777779,0.47619047619047616,10,0,0.061713364,0
-9232_5111,40.89275884922413,-73.85808058296479,23,13.636363636363637,0.782608695652174,10,0,0.02843853,0
-9232_5112,40.901353366883,-73.86023582351767,3,10.333333333333334,1.0,3,0,0.117022686,0
-9233_5081,40.653286912611996,-73.86848037528658,7,18.142857142857142,0.5714285714285714,5,0,2.0701635,0
-9233_5083,40.66760094531333,-73.87031483175001,3,13.333333333333334,0.6666666666666666,3,0,0.58331734,0
-9233_5084,40.6769706196499,-73.8681629620629,30,19.266666666666666,0.43333333333333335,14,0,0.21909156,0
-9233_5085,40.68408082896361,-73.86945135792672,18,12.944444444444445,0.7777777777777778,10,0,0.45347923,0
-9233_5086,40.6913830589055,-73.8666294781041,10,13.333333333333334,0.7,7,0,1.1251771,0
-9233_5087,40.7017445497454,-73.8677887937244,5,13.8,0.6,5,0,12.2544,0
-9233_5088,40.709673761552764,-73.86862218752731,13,11.23076923076923,0.8461538461538461,10,1,37.207817,1
-9233_5090,40.72460318303158,-73.86703879832389,19,14.176470588235293,0.631578947368421,11,0,68.93672,0
-9233_5091,40.73357804940259,-73.86915526373477,51,12.212765957446809,0.7058823529411765,25,1,76.030594,1
-9233_5092,40.73955961515359,-73.86739005172355,22,14.909090909090908,0.7272727272727273,11,0,66.33624,0
-9233_5093,40.749187654368235,-73.86945265179007,67,13.584615384615384,0.6268656716417911,20,1,32.26499,1
-9233_5094,40.75454885282552,-73.86731008672133,44,18.85,0.4318181818181818,12,0,22.595709,0
-9233_5095,40.76389134929233,-73.868075528352,6,18.0,0.6666666666666666,5,0,17.155657,0
-9233_5096,40.769068777173665,-73.868763884921,3,10.0,1.0,2,0,13.668768,0
-9233_5100,40.807608187248,-73.871463051581,2,11.0,0.5,1,0,0.3587287,0
-9233_5102,40.821263008749,-73.86679201640867,6,20.166666666666668,0.3333333333333333,5,0,2.4179063,0
-9233_5103,40.83076653835443,-73.86729035522093,14,12.357142857142858,0.7857142857142857,12,0,21.069735,0
-9233_5104,40.8348302086184,-73.8664700295661,20,17.157894736842106,0.55,13,0,26.462942,0
-9233_5105,40.84510614632996,-73.86678128055688,25,12.434782608695652,0.76,10,0,59.45244,0
-9233_5106,40.85415654028015,-73.86636043316237,27,13.62962962962963,0.7777777777777778,18,0,45.728367,0
-9233_5107,40.860036073963116,-73.866630242103,18,12.944444444444445,0.7777777777777778,12,0,31.007158,0
-9233_5108,40.86703353493367,-73.86636339090387,24,12.565217391304348,0.7916666666666666,13,0,3.7696667,0
-9233_5109,40.87765909407913,-73.86639650651712,8,12.0,0.75,6,0,0.33967236,0
-9233_5110,40.8805532801965,-73.86451199812275,4,12.5,1.0,2,0,0.111015595,0
-9233_5112,40.898536589347124,-73.8676554597255,16,18.428571428571427,0.4375,5,0,0.07072776,0
-9234_5081,40.65251726376543,-73.87556871839057,7,12.714285714285714,0.8571428571428571,5,0,0.7455501,0
-9234_5082,40.6601099616965,-73.8765376167285,4,16.5,0.25,3,0,0.66404396,0
-9234_5083,40.667259014547,-73.8755339329615,2,13.5,0.5,2,0,0.325528,0
-9234_5084,40.67560208230164,-73.87545144214373,11,15.727272727272727,0.6363636363636364,7,0,0.0668314,0
-9234_5085,40.682537611413,-73.8756929139393,20,20.5,0.65,9,0,0.066403605,0
-9234_5086,40.68947593582,-73.873602778944,1,7.0,1.0,1,0,0.57565725,0
-9234_5087,40.702175062001665,-73.877816333177,3,10.0,0.6666666666666666,3,0,15.145718,0
-9234_5088,40.70693552961233,-73.87368972441534,3,14.333333333333334,0.6666666666666666,2,0,31.074688,0
-9234_5089,40.714401922279556,-73.87650916791083,18,17.77777777777778,0.5,12,0,41.26198,0
-9234_5090,40.72480338028289,-73.87735419218045,9,20.11111111111111,0.4444444444444444,7,0,57.829624,0
-9234_5091,40.734610197594215,-73.87451376489415,14,13.461538461538462,0.6428571428571429,11,0,83.68466,0
-9234_5092,40.74015832257518,-73.87713285123952,59,16.107142857142858,0.559322033898305,15,2,86.80343,1
-9234_5093,40.749224177026804,-73.87637041162179,66,15.615384615384615,0.6515151515151515,13,0,66.72793,0
-9234_5094,40.755587421258255,-73.87524179530077,31,16.551724137931036,0.6774193548387096,14,1,41.103874,1
-9234_5095,40.761269041054,-73.87662973309614,14,18.076923076923077,0.5,8,0,27.606932,0
-9234_5096,40.77269507210558,-73.87625112593457,7,6.857142857142857,1.0,7,0,29.601446,0
-9234_5100,40.80524764679,-73.876412712,1,9.0,1.0,1,0,0.59393233,0
-9234_5101,40.8100374759235,-73.875397729897,2,9.5,1.0,2,0,0.42148829,0
-9234_5102,40.823892072016505,-73.8745568964235,2,3.0,1.0,2,0,2.8308551,0
-9234_5103,40.82818535946667,-73.87637112558825,40,15.486486486486486,0.55,16,0,8.43473,0
-9234_5104,40.8380668471284,-73.8771989587532,10,9.2,1.0,7,0,35.49169,0
-9234_5105,40.840728981158,-73.877325979521,3,10.0,1.0,3,0,42.30514,0
-9234_5108,40.8712422489736,-73.8775196670414,5,14.2,0.6,4,0,4.258815,0
-9234_5109,40.8754287963725,-73.87729565974679,34,15.333333333333334,0.6470588235294118,12,0,1.8229163,0
-9234_5110,40.882544550613424,-73.878619140514,7,24.857142857142858,0.2857142857142857,6,0,0.9640798,0
-9234_5111,40.895537219313496,-73.876528133981,2,10.0,1.0,2,0,0.7967828,0
-9235_5079,40.632156436985,-73.887879700078,2,7.0,1.0,2,0,6.043246,0
-9235_5080,40.647967255473,-73.88190882604849,2,9.5,1.0,2,0,0.8428039,0
-9235_5081,40.6507534472425,-73.88440860460867,6,5.333333333333333,1.0,5,0,0.89937246,0
-9235_5082,40.66014703285186,-73.88499666365799,7,11.428571428571429,0.42857142857142855,7,0,0.3108775,0
-9235_5083,40.66673219233616,-73.88372641609043,12,20.416666666666668,0.5,8,0,0.086281866,0
-9235_5084,40.67818620994696,-73.88511584274428,21,15.8,0.7142857142857143,13,0,0.053205427,0
-9235_5085,40.6807710203955,-73.88212180653825,4,36.25,0.75,3,0,0.055726837,0
-9235_5087,40.7017957962203,-73.882324513797,10,14.1,0.8,7,0,19.802427,0
-9235_5088,40.704080274887,-73.883388769028,1,10.0,1.0,1,0,41.54226,0
-9235_5089,40.715143752412,-73.88633812720767,3,24.333333333333332,0.6666666666666666,3,0,40.238235,0
-9235_5090,40.72205519791,-73.88553261571,1,19.0,0.0,1,0,54.340946,0
-9235_5091,40.733633235563936,-73.8834372801895,14,20.5,0.5,10,1,82.736084,1
-9235_5092,40.74164942293295,-73.88316576018136,41,19.86842105263158,0.34146341463414637,15,6,90.75291,1
-9235_5093,40.74808144587937,-73.8842079072452,120,15.243478260869566,0.6083333333333333,22,2,84.90138,1
-9235_5094,40.755765742266306,-73.88409301227416,62,18.47457627118644,0.4838709677419355,18,0,77.225945,0
-9235_5095,40.7647601454301,-73.8841604340741,10,13.4,0.7,10,0,47.342014,0
-9235_5101,40.8123769593545,-73.88418280554488,8,11.0,0.875,6,0,0.2379922,0
-9235_5102,40.81799258033875,-73.8860877500345,4,13.5,0.75,4,0,0.23188575,0
-9235_5103,40.82818284877725,-73.88241430782993,16,13.4375,0.6875,11,0,3.9389226,0
-9235_5104,40.836697122073005,-73.886208354243,13,8.692307692307692,0.9230769230769231,10,1,23.010603,1
-9235_5105,40.84334510748114,-73.88494359476007,14,14.357142857142858,0.6428571428571429,7,0,41.674732,0
-9235_5106,40.85368211586039,-73.88547796650099,49,11.395833333333334,0.6326530612244898,19,1,63.23824,1
-9235_5107,40.857848741804276,-73.8856552975649,18,12.444444444444445,0.7222222222222222,10,1,52.411736,1
-9235_5108,40.86779761444408,-73.88464534581134,12,21.25,0.5833333333333334,9,0,20.405739,0
-9235_5109,40.87508321704109,-73.88573885262467,12,14.454545454545455,0.6666666666666666,8,0,12.338302,0
-9235_5110,40.88139248628371,-73.88244236439967,27,14.777777777777779,0.7037037037037037,16,0,3.1020796,0
-9235_5111,40.894861069039,-73.882162990185,1,9.0,1.0,1,0,2.0023572,0
-9236_5079,40.63553557883757,-73.89170249334593,14,15.666666666666666,0.5,7,0,0.8516442,0
-9236_5080,40.647520614620504,-73.89391325232799,2,12.0,1.0,2,0,0.27560282,0
-9236_5081,40.65236197774963,-73.8898227310145,16,13.3125,0.8125,11,0,0.27187103,0
-9236_5082,40.659741976302996,-73.89146203182874,19,12.210526315789474,0.7894736842105263,10,0,0.18346842,0
-9236_5083,40.665491249031,-73.89367862064914,7,9.714285714285714,0.8571428571428571,6,0,0.15433386,0
-9236_5084,40.67532450096828,-73.89229600655428,14,12.071428571428571,0.8571428571428571,8,0,0.18787509,0
-9236_5085,40.680351227260005,-73.892752171305,2,7.5,1.0,2,0,0.6066,0
-9236_5087,40.70143456169271,-73.89354359396367,24,15.291666666666666,0.6666666666666666,13,0,63.687916,0
-9236_5088,40.705765163664,-73.894299911482,1,21.0,0.0,1,0,60.68921,0
-9236_5089,40.712468786819,-73.895270381811,1,0.0,0.0,1,0,47.980854,0
-9236_5090,40.72691553468871,-73.89353321937313,24,20.17391304347826,0.4166666666666667,15,0,53.752922,0
-9236_5091,40.7341478899035,-73.895526639076,4,18.25,0.5,2,0,77.104706,0
-9236_5092,40.74111047124022,-73.8921834481397,14,18.571428571428573,0.5,7,2,89.67679,1
-9236_5093,40.74767810958547,-73.89147129029202,111,19.33644859813084,0.46846846846846846,25,20,91.69839,1
-9236_5094,40.757164684084906,-73.89270625867674,11,14.818181818181818,0.8181818181818182,11,0,81.31756,0
-9236_5095,40.765717305294,-73.89238133026,1,12.0,1.0,1,0,54.31316,0
-9236_5096,40.770674441001,-73.89396994513149,4,17.75,0.75,4,0,55.10946,0
-9236_5100,40.807615972044,-73.889492105309,1,7.0,1.0,1,0,0.24667282,0
-9236_5101,40.8123675028542,-73.8904653814586,5,11.4,0.6,4,0,0.2739614,0
-9236_5102,40.820745104597776,-73.89186951174061,31,13.03225806451613,0.8064516129032258,13,0,0.76831084,0
-9236_5103,40.826019648127335,-73.89159126866338,18,15.3125,0.6666666666666666,11,0,1.2952427,0
-9236_5104,40.8349650521805,-73.8928868181915,2,20.0,0.5,2,0,4.8178577,0
-9236_5105,40.84555346577715,-73.8917532768762,20,16.85,0.7,11,0,22.243698,0
-9236_5106,40.853458854700996,-73.88955791459918,50,12.333333333333334,0.58,16,0,49.498363,0
-9236_5107,40.86083214892922,-73.89161840990224,51,11.901960784313726,0.7450980392156863,19,0,37.150593,0
-9236_5108,40.8683624393815,-73.89108226209125,12,16.09090909090909,0.6666666666666666,6,0,31.556135,0
-9236_5109,40.873487944755496,-73.88993184341436,14,16.846153846153847,0.5714285714285714,10,0,25.864449,0
-9236_5110,40.882784266777,-73.893388133294,1,2.0,1.0,1,0,10.334751,0
-9237_5078,40.62729678505,-73.90289418312,1,22.0,0.0,1,0,0.64719033,0
-9237_5079,40.636709802380544,-73.89791936637063,11,14.818181818181818,0.6363636363636364,6,0,0.68362916,0
-9237_5080,40.644603440195745,-73.90195545078825,12,9.6,0.6666666666666666,7,0,0.34923705,0
-9237_5081,40.649737941368336,-73.90003549407167,6,13.333333333333334,0.5,6,0,0.17122623,0
-9237_5082,40.658614014677,-73.89886935375867,3,13.0,0.6666666666666666,3,0,0.18307188,0
-9237_5083,40.66907982986683,-73.89833012799083,6,13.833333333333334,0.6666666666666666,4,0,0.32619828,0
-9237_5084,40.6765983845065,-73.89836159952638,8,10.25,0.875,5,0,0.586694,0
-9237_5086,40.6940725169888,-73.902451810735,5,27.6,0.0,3,0,34.79405,0
-9237_5087,40.70101560119868,-73.90079193784759,55,18.0,0.6181818181818182,22,1,73.017845,1
-9237_5088,40.70761465805235,-73.8990204821304,46,16.568181818181817,0.5652173913043478,22,1,59.864426,1
-9237_5089,40.71465723022535,-73.90115292242082,17,11.666666666666666,0.7058823529411765,11,0,44.809376,0
-9237_5090,40.72278131256675,-73.90118242965913,8,15.0,0.5,5,0,37.689228,0
-9237_5091,40.7300052298844,-73.9003257905276,5,24.6,0.4,3,0,52.63263,0
-9237_5092,40.742111996435504,-73.89958534778249,6,16.2,0.6666666666666666,5,2,89.93147,1
-9237_5093,40.74663872398344,-73.89982595701747,71,19.415384615384614,0.5633802816901409,21,8,90.86795,1
-9237_5094,40.75372260831538,-73.89833280362512,8,14.125,0.75,6,0,85.22907,0
-9237_5095,40.76359271411966,-73.901387867918,3,11.333333333333334,1.0,2,0,68.91998,0
-9237_5096,40.772540788651504,-73.902650282322,12,13.833333333333334,0.75,9,0,63.947834,0
-9237_5097,40.7778531583286,-73.90176822275559,5,10.333333333333334,0.6,4,0,63.688313,0
-9237_5100,40.80792109287,-73.89892339514,1,12.0,1.0,1,0,0.13639696,0
-9237_5101,40.813772038649944,-73.90182964855006,18,11.61111111111111,0.6111111111111112,9,0,0.13417418,0
-9237_5102,40.82016818275439,-73.899293308713,31,19.70967741935484,0.6451612903225806,13,0,0.6469473,0
-9237_5103,40.82961287713454,-73.90023429472946,13,19.0,0.46153846153846156,10,0,1.6744696,0
-9237_5104,40.83468285899,-73.90217416600667,6,11.0,0.8333333333333334,4,0,2.968959,0
-9237_5105,40.84611641886437,-73.90034970419484,19,13.31578947368421,0.7368421052631579,9,0,7.7133665,0
-9237_5106,40.852704080602884,-73.90130399880124,17,13.0,0.7058823529411765,9,0,14.107658,0
-9237_5107,40.86069286945899,-73.90012762193571,80,17.428571428571427,0.6125,22,0,21.097458,0
-9237_5108,40.86775327702771,-73.89994514040299,31,14.741935483870968,0.7096774193548387,13,1,35.27269,1
-9237_5109,40.87762713964925,-73.90292450180999,8,15.0,0.625,5,0,16.112354,0
-9237_5110,40.883793892774804,-73.90089052678485,25,12.24,0.88,13,0,19.686941,0
-9237_5111,40.890296514667355,-73.8987612085745,14,16.214285714285715,0.5,8,0,10.900534,0
-9237_5113,40.90635729058694,-73.90049857565806,16,13.0,0.75,8,0,1.9943115,0
-9237_5114,40.912822326388664,-73.90250429236833,3,8.333333333333334,1.0,2,0,1.9943115,0
-9238_5070,40.560772993025,-73.911716821235,2,10.0,1.0,2,0,1.3049648,0
-9238_5074,40.592162348606,-73.908141159255,1,11.0,1.0,1,0,10.80065,0
-9238_5077,40.61886729805817,-73.908733976318,6,13.0,0.8333333333333334,6,0,0.5198778,0
-9238_5079,40.63767818421929,-73.909921964303,7,15.285714285714286,0.7142857142857143,6,0,0.20837204,0
-9238_5080,40.64247860196157,-73.90574953370256,7,14.571428571428571,0.7142857142857143,5,0,0.27336928,0
-9238_5081,40.65258851310033,-73.90782586725366,3,8.666666666666666,1.0,3,0,0.16943331,0
-9238_5082,40.66007138065962,-73.90852576534925,8,15.125,0.625,6,0,0.1900421,0
-9238_5083,40.66878357118613,-73.90875738611416,30,13.620689655172415,0.7,13,0,1.0210265,0
-9238_5084,40.677158823631,-73.91027736556454,15,13.266666666666667,0.6666666666666666,8,0,2.8254197,0
-9238_5085,40.68404751816537,-73.910253840845,16,15.642857142857142,0.625,12,0,12.406681,0
-9238_5086,40.69273610805013,-73.90853613449866,32,13.741935483870968,0.59375,18,1,65.06013,1
-9238_5087,40.700408230580685,-73.90769310638147,83,15.048780487804878,0.7228915662650602,20,3,71.79859,1
-9238_5088,40.70608193194738,-73.90838737905031,29,15.88888888888889,0.5517241379310345,14,0,71.57211,0
-9238_5089,40.71287926864684,-73.90712798128466,12,12.25,0.75,8,0,48.19071,0
-9238_5090,40.72483589901543,-73.90683585451336,14,15.428571428571429,0.8571428571428571,11,0,37.77268,0
-9238_5091,40.729143503311,-73.905007443443,1,11.0,1.0,1,0,45.186646,0
-9238_5092,40.742140265432504,-73.90537859742317,6,18.0,0.5,6,0,88.32969,0
-9238_5093,40.74557941741794,-73.90717178886119,37,16.696969696969695,0.5405405405405406,19,2,89.559875,1
-9238_5094,40.75414656287945,-73.90811262507245,9,16.77777777777778,0.6666666666666666,7,0,85.29303,0
-9238_5095,40.763976757424025,-73.90967100843164,34,20.5,0.5588235294117647,18,1,71.21619,1
-9238_5096,40.77317199272947,-73.90942856129459,83,15.9125,0.6385542168674698,31,0,64.84248,0
-9238_5097,40.776857466238,-73.91063472923908,11,11.272727272727273,0.7272727272727273,7,0,68.25947,0
-9238_5100,40.803673215106,-73.91002169681175,4,20.25,0.5,3,0,0.024319876,0
-9238_5101,40.813726013665644,-73.90689618011558,17,12.705882352941176,0.7647058823529411,9,0,0.114468925,0
-9238_5102,40.822262988918176,-73.90890332470919,11,15.0,0.7272727272727273,9,0,1.3835813,0
-9238_5103,40.82813882266227,-73.90870038748706,15,10.928571428571429,0.8,7,0,1.9459059,0
-9238_5104,40.8365144281846,-73.90841110883039,10,15.0,0.6,7,0,4.0356693,0
-9238_5105,40.84547813962029,-73.90848062238028,14,15.857142857142858,0.6428571428571429,9,0,4.165819,0
-9238_5106,40.852477536451026,-73.90800675713398,44,14.627906976744185,0.6136363636363636,14,0,5.7901964,0
-9238_5107,40.86035238973638,-73.90643754479939,13,21.25,0.7692307692307693,9,0,6.285379,0
-9238_5108,40.870066435677,-73.904136445246,1,5.0,1.0,1,0,18.463661,0
-9238_5109,40.877523057193635,-73.90604677837045,43,14.55813953488372,0.6511627906976745,18,0,22.25139,0
-9238_5110,40.88538209046158,-73.9081921494622,41,14.475,0.6829268292682927,20,1,24.984722,1
-9238_5112,40.900121336874,-73.911201045082,1,0.0,0.0,1,0,1.3774918,0
-9238_5113,40.906116765568335,-73.90497720878133,12,18.25,0.5833333333333334,8,0,1.9943115,0
-9239_5070,40.56464902405,-73.91221735636,1,9.0,1.0,1,0,1.3049648,0
-9239_5075,40.602870916357,-73.9149560347045,2,23.5,0.5,2,0,3.4832523,0
-9239_5076,40.61355037117692,-73.91359353229262,13,19.23076923076923,0.5384615384615384,9,0,0.36893812,0
-9239_5077,40.61975531975547,-73.91717759822464,17,15.117647058823529,0.8235294117647058,11,0,0.25637203,0
-9239_5078,40.62724301142286,-73.91813214020108,14,11.727272727272727,0.5714285714285714,11,0,0.500091,0
-9239_5079,40.63580369031624,-73.91590683212632,25,11.68,0.68,13,0,0.2512289,0
-9239_5080,40.6448969267167,-73.91395161249879,10,15.8,0.6,8,0,0.15062498,0
-9239_5081,40.653441273146186,-73.91676553360246,11,8.272727272727273,1.0,7,0,0.086116314,0
-9239_5082,40.6588459803695,-73.91557372361025,12,18.0,0.5,6,0,0.19444051,0
-9239_5083,40.66939025479119,-73.91619180476056,16,15.75,0.6875,10,0,1.4035304,0
-9239_5084,40.6772887052618,-73.9163010196104,5,9.6,1.0,4,0,10.807176,0
-9239_5085,40.68510102053005,-73.91628273737355,20,14.9,0.75,13,0,52.885754,0
-9239_5086,40.69188592361925,-73.9159481965705,8,15.625,0.625,6,0,69.2065,0
-9239_5087,40.70040215950449,-73.91591111726828,84,16.682926829268293,0.5952380952380952,22,0,71.589874,0
-9239_5088,40.705674893040594,-73.91750583553154,22,12.681818181818182,0.7727272727272727,12,1,74.03342,1
-9239_5089,40.71491585359082,-73.91486977892828,11,17.9,0.7272727272727273,6,0,45.0036,0
-9239_5090,40.724821509894,-73.91231492860075,4,25.5,0.0,4,1,37.520584,1
-9239_5091,40.7299804902605,-73.919110268082,2,13.0,1.0,2,0,35.965244,0
-9239_5092,40.74212000830774,-73.91839451147641,42,21.11904761904762,0.5476190476190477,19,0,74.31454,0
-9239_5093,40.74573221241615,-73.91535547911595,33,15.53125,0.5757575757575758,18,3,81.07636,1
-9239_5094,40.75686913669051,-73.91668292189571,66,17.694915254237287,0.5303030303030303,25,0,75.00386,0
-9239_5095,40.7648822387389,-73.91570029778306,123,17.583333333333332,0.5691056910569106,37,2,74.784454,1
-9239_5096,40.773800344188345,-73.91464127034094,44,17.13953488372093,0.5681818181818182,25,1,69.81413,1
-9239_5097,40.779346401933296,-73.91571445489839,10,13.5,0.7,4,0,45.848118,0
-9239_5100,40.80682090629072,-73.91767346812644,32,22.033333333333335,0.53125,13,0,0.018935794,0
-9239_5101,40.81406682202849,-73.917218403228,29,14.551724137931034,0.6896551724137931,13,0,0.11926504,0
-9239_5102,40.818340014310316,-73.91681044112012,48,14.702127659574469,0.6458333333333334,18,0,0.14457496,0
-9239_5103,40.82718414007794,-73.91768021699018,17,14.571428571428571,0.5882352941176471,15,0,5.6597543,0
-9239_5104,40.836999973203206,-73.91675973672768,49,13.83673469387755,0.6530612244897959,17,0,3.5058815,0
-9239_5105,40.84379513378526,-73.91578859506622,27,16.24,0.5925925925925926,10,0,5.1250014,0
-9239_5106,40.850748125604134,-73.91585829802287,15,15.333333333333334,0.6,8,0,4.3577847,0
-9239_5107,40.861899503366715,-73.91920587034572,7,18.857142857142858,0.42857142857142855,4,0,2.9038925,0
-9239_5108,40.866893517645124,-73.91816324976135,40,15.702702702702704,0.575,16,0,6.6657596,0
-9239_5109,40.87728481060625,-73.91704544455975,4,17.75,0.5,3,0,6.5177903,0
-9239_5112,40.90312107034,-73.91450343973,1,13.0,1.0,1,0,1.9943115,0
-9240_5070,40.56148768865,-73.92064307971,1,13.0,1.0,1,0,1.3049648,0
-9240_5073,40.5855987357,-73.925964288625,2,6.0,0.5,1,0,36.79309,0
-9240_5074,40.593220087408,-73.92557595790075,4,14.25,0.75,3,0,18.204441,0
-9240_5076,40.610698650371205,-73.92289885513631,29,20.896551724137932,0.4482758620689655,14,0,0.55078477,0
-9240_5077,40.62008272494775,-73.92365714545234,12,12.666666666666666,0.75,8,0,0.20744225,0
-9240_5078,40.628826056843714,-73.92430779050872,7,13.857142857142858,0.42857142857142855,5,0,0.14445715,0
-9240_5079,40.636095277669334,-73.92563304383333,3,9.666666666666666,0.3333333333333333,3,0,0.13624421,0
-9240_5080,40.64450395883286,-73.92324600629044,7,10.714285714285714,1.0,4,0,0.10035861,0
-9240_5081,40.652021833093,-73.9248898969273,10,21.5,0.8,3,0,0.11828799,0
-9240_5082,40.660878424499614,-73.92335100567293,13,10.75,0.6923076923076923,6,0,0.36696193,0
-9240_5083,40.66585949294581,-73.92308896575719,16,11.8125,0.9375,7,0,1.382834,0
-9240_5084,40.677053046969334,-73.92265051965022,9,14.75,0.6666666666666666,7,0,27.71785,0
-9240_5085,40.68457943754591,-73.92326815134983,24,18.166666666666668,0.5833333333333334,14,1,66.574776,1
-9240_5086,40.6914210897494,-73.92451554320056,20,27.894736842105264,0.55,14,0,68.082085,0
-9240_5087,40.70109331626542,-73.92417421687786,76,19.57894736842105,0.5789473684210527,22,2,73.259674,1
-9240_5088,40.70652935027179,-73.92265684842128,58,13.553571428571429,0.6724137931034483,22,2,74.0962,1
-9240_5089,40.712765950100334,-73.92271673390833,3,14.0,0.3333333333333333,2,0,63.85924,0
-9240_5090,40.7271625185535,-73.9244787141655,2,7.0,1.0,1,0,43.894318,0
-9240_5092,40.74199256289003,-73.92308175481386,68,15.492307692307692,0.6470588235294118,23,2,66.851425,1
-9240_5093,40.745356743155575,-73.92474463709446,28,14.28,0.5714285714285714,17,0,73.552444,0
-9240_5094,40.75663138098925,-73.92379607687612,69,15.073529411764707,0.6956521739130435,30,1,73.86711,1
-9240_5095,40.763406307315265,-73.92311142486604,103,16.755102040816325,0.5825242718446602,31,1,72.641205,1
-9240_5096,40.770600412935764,-73.92396989909672,38,18.594594594594593,0.5263157894736842,21,1,72.1338,1
-9240_5097,40.77679666355667,-73.92130621615733,3,17.0,0.6666666666666666,3,0,50.74535,0
-9240_5099,40.794827213161,-73.921696544711,1,50.0,0.0,1,0,0.015285591,0
-9240_5100,40.80629356045354,-73.9259524470643,13,17.0,0.46153846153846156,6,0,0.06546959,0
-9240_5101,40.81024223020136,-73.92369892554876,30,15.807692307692308,0.5333333333333333,14,0,0.07742167,0
-9240_5102,40.81811196989212,-73.92383960124285,31,16.0,0.5806451612903226,17,0,1.1062161,0
-9240_5103,40.827544902039314,-73.92424056972831,32,14.966666666666667,0.5625,17,0,18.389011,0
-9240_5104,40.83624412424778,-73.92298213587944,18,13.944444444444445,0.7777777777777778,11,0,9.538315,0
-9240_5105,40.84197920173715,-73.92269949565107,13,16.0,0.6153846153846154,8,0,8.636268,0
-9240_5106,40.85268259151,-73.92017864847,1,12.0,1.0,1,0,1.8485714,0
-9240_5107,40.86185932999886,-73.92524313192492,36,16.5,0.5833333333333334,15,0,2.8827116,0
-9240_5108,40.8663767920482,-73.92339773366642,54,15.660377358490566,0.6666666666666666,22,0,3.4552448,0
-9241_5072,40.578489686498,-73.934899899994,2,10.0,1.0,2,0,53.41369,0
-9241_5073,40.58626222763467,-73.930595940931,3,5.333333333333333,1.0,3,0,41.40692,0
-9241_5074,40.595805869905746,-73.9325586135035,4,5.0,0.75,4,0,19.816816,0
-9241_5075,40.60113796680267,-73.93430095799016,6,8.666666666666666,1.0,6,0,11.188142,0
-9241_5076,40.611041580544715,-73.93135843789058,7,13.571428571428571,0.5714285714285714,5,0,1.2752199,0
-9241_5077,40.618678455660344,-73.93175482036587,23,14.217391304347826,0.6086956521739131,13,0,0.24779697,0
-9241_5078,40.6287465419936,-73.92814626042619,5,20.25,0.2,5,0,0.08818014,0
-9241_5079,40.63444216412214,-73.93027301012572,14,12.846153846153847,0.7142857142857143,8,0,0.105178274,0
-9241_5080,40.64417510713433,-73.93015769515533,12,15.2,0.3333333333333333,7,0,0.1294427,0
-9241_5081,40.651649798451025,-73.93136965643434,36,14.742857142857142,0.6388888888888888,9,0,0.19125137,0
-9241_5082,40.66000887136333,-73.93123360326022,18,11.882352941176471,0.6666666666666666,6,0,0.71380764,0
-9241_5083,40.66884065015141,-73.93150677551829,41,13.75609756097561,0.7560975609756098,15,0,8.101731,0
-9241_5084,40.67581354976684,-73.93192847226085,13,12.307692307692308,0.5384615384615384,6,0,19.498302,0
-9241_5085,40.68337562377533,-73.93102129565439,36,16.02777777777778,0.6111111111111112,17,1,61.9096,1
-9241_5086,40.69364794507929,-73.93042304470613,24,14.875,0.6666666666666666,10,0,67.53837,0
-9241_5087,40.70018912172491,-73.93211341891964,59,17.362068965517242,0.6610169491525424,21,1,70.39492,1
-9241_5088,40.70593454674834,-73.931924074325,30,14.833333333333334,0.5666666666666667,14,0,72.813324,0
-9241_5089,40.713950550689546,-73.93480282738628,11,16.8,0.5454545454545454,8,0,65.60747,0
-9241_5090,40.725719072175,-73.933835519028,1,13.0,1.0,1,0,54.745197,0
-9241_5091,40.735523961405335,-73.93486135045534,3,17.333333333333332,0.6666666666666666,3,0,58.89381,0
-9241_5092,40.740163431675434,-73.93292368855272,7,19.285714285714285,0.5714285714285714,5,0,56.11463,0
-9241_5093,40.745424811010245,-73.93295245339017,12,14.666666666666666,0.75,7,0,71.060646,0
-9241_5094,40.75590578474367,-73.93110503495257,48,19.3125,0.6041666666666666,19,0,71.59921,0
-9241_5095,40.76432178075424,-73.93070949064676,21,14.052631578947368,0.5238095238095238,15,0,71.28042,0
-9241_5096,40.771055061408916,-73.93155605478054,13,13.538461538461538,0.8461538461538461,7,0,67.53174,0
-9241_5098,40.789584594818,-73.929972684155,1,12.0,1.0,1,0,3.2302208,0
-9241_5099,40.7966150637224,-73.93455733305008,25,16.434782608695652,0.64,13,0,0.5413263,0
-9241_5100,40.803423378234925,-73.93458762713531,13,10.384615384615385,0.8461538461538461,9,0,0.37942052,0
-9241_5101,40.80957548626633,-73.92943216706,9,11.777777777777779,0.6666666666666666,6,0,0.16396154,0
-9241_5102,40.82105044097187,-73.93008301333994,15,6.6,0.5333333333333333,11,1,7.9908133,1
-9241_5103,40.82902843483,-73.92849645965,45,4.622222222222222,1.0,5,0,36.67366,0
-9241_5104,40.83462216841367,-73.92842296516767,3,7.0,1.0,3,0,33.58796,0
-9241_5105,40.84524849544323,-73.93514077351408,13,14.846153846153847,0.6153846153846154,6,0,27.448404,0
-9241_5106,40.85181250959908,-73.9318857628631,69,15.06060606060606,0.5797101449275363,18,0,5.171118,0
-9241_5107,40.8576209442925,-73.93098887973217,6,15.833333333333334,0.5,4,0,4.4181085,0
-9241_5108,40.86595122944566,-73.92913874145616,12,18.166666666666668,0.5833333333333334,5,0,2.841392,0
-9242_5072,40.5827341748788,-73.9398631864606,5,9.75,0.6,3,0,51.758923,0
-9242_5073,40.59043778027825,-73.93997034141151,4,29.5,0.25,4,1,53.298027,1
-9242_5074,40.59627980713738,-73.94080834882307,16,11.125,0.75,10,0,46.74806,0
-9242_5075,40.60273747342964,-73.9420209413289,11,12.636363636363637,0.7272727272727273,7,0,31.966982,0
-9242_5076,40.61263532691613,-73.94022759080976,8,19.0,0.375,6,0,2.5466928,0
-9242_5077,40.6210113659662,-73.9378631482052,5,11.8,0.4,5,0,0.12668727,0
-9242_5078,40.62741241211533,-73.94190757573266,6,12.6,0.6666666666666666,4,0,0.12417962,0
-9242_5079,40.635373310993664,-73.93774456701033,3,16.333333333333332,0.3333333333333333,2,0,0.06594832,0
-9242_5080,40.6419510218275,-73.93832637362233,6,37.8,0.3333333333333333,5,0,0.08128831,0
-9242_5081,40.65320013791433,-73.9406705282451,12,13.333333333333334,0.8333333333333334,8,0,0.9879907,0
-9242_5082,40.66130796135483,-73.93969847057767,6,17.5,0.5,5,0,3.657188,0
-9242_5083,40.66865529505096,-73.94058753626116,25,15.2,0.64,9,0,15.92651,0
-9242_5084,40.6775388861321,-73.94094186633644,20,14.15,0.65,12,0,63.965958,0
-9242_5085,40.683221458568454,-73.94090886892938,33,12.0,0.696969696969697,15,0,72.292366,0
-9242_5086,40.6918082963886,-73.94045552636035,20,13.6,0.7,14,0,73.04411,0
-9242_5087,40.70039726166038,-73.9401391316025,59,18.203389830508474,0.7457627118644068,24,0,70.44705,0
-9242_5088,40.70903657755224,-73.94168599598846,66,16.651515151515152,0.6212121212121212,24,3,69.9033,1
-9242_5089,40.71497232886275,-73.94155287953754,24,19.08695652173913,0.5,13,1,64.55252,1
-9242_5090,40.723299247805286,-73.94157649812901,14,19.0,0.6428571428571429,10,0,62.030895,0
-9242_5091,40.734684306196996,-73.9372646090048,5,12.2,0.8,4,0,58.392036,0
-9242_5092,40.74168518038211,-73.93847004516323,9,17.666666666666668,0.5555555555555556,7,0,70.63653,0
-9242_5093,40.74884634538688,-73.94014949160375,83,15.835443037974683,0.6746987951807228,24,6,72.25182,1
-9242_5094,40.75607476405397,-73.9402501533495,32,17.40625,0.53125,16,2,70.2192,1
-9242_5095,40.76268879186386,-73.94050371112213,7,19.285714285714285,0.7142857142857143,5,0,72.273254,0
-9242_5097,40.777954538093,-73.943994470935,1,9.0,1.0,1,0,56.39853,0
-9242_5098,40.78960987658977,-73.94137360651789,18,18.235294117647058,0.5,11,0,7.938265,0
-9242_5099,40.796354096063055,-73.94050223542915,91,13.415730337078651,0.6593406593406593,23,0,2.0854425,0
-9242_5100,40.804343359760296,-73.93968618975185,34,18.205882352941178,0.5588235294117647,17,0,6.0068493,0
-9242_5101,40.81279722763626,-73.94103905973077,27,22.0,0.3333333333333333,15,0,15.432173,0
-9242_5102,40.82007905100228,-73.93952821018718,28,13.777777777777779,0.6785714285714286,16,0,35.298225,0
-9242_5103,40.82683313556014,-73.94116594351578,14,17.785714285714285,0.5,11,0,69.25201,0
-9242_5104,40.836838483881024,-73.94085752747262,53,16.923076923076923,0.6415094339622641,23,1,71.77557,1
-9242_5105,40.84365722433557,-73.93863246080475,56,15.618181818181819,0.625,20,2,63.85733,1
-9242_5106,40.851084112847616,-73.9376625812145,44,14.674418604651162,0.5454545454545454,19,0,35.170002,0
-9243_5072,40.58324372199327,-73.94791862000854,15,16.533333333333335,0.6666666666666666,12,0,66.23662,0
-9243_5073,40.586126607229495,-73.95045665107273,18,15.529411764705882,0.6111111111111112,11,1,72.35607,1
-9243_5074,40.59642660263048,-73.94920329328353,19,14.68421052631579,0.6842105263157895,14,0,55.58392,0
-9243_5075,40.600115479429,-73.94457454369649,2,16.5,0.5,2,0,41.387123,0
-9243_5076,40.61325883923325,-73.9444708531635,4,17.333333333333332,0.5,3,0,5.1162586,0
-9243_5077,40.621674521521,-73.945780723837,3,11.0,1.0,2,0,0.48550764,0
-9243_5078,40.628211428329884,-73.94719920763117,18,13.444444444444445,0.7777777777777778,11,0,0.15569845,0
-9243_5079,40.63425303635936,-73.94845303158111,36,15.685714285714285,0.6944444444444444,15,0,0.1304508,0
-9243_5080,40.64326993593536,-73.94924451497948,25,16.541666666666668,0.52,10,0,0.44564837,0
-9243_5081,40.65161740679814,-73.94874201113839,43,16.214285714285715,0.5116279069767442,17,0,1.6671089,0
-9243_5082,40.66041627216916,-73.95029486929243,32,11.84375,0.71875,15,0,18.439976,0
-9243_5083,40.66869385210267,-73.95051310184246,24,11.208333333333334,0.8333333333333334,11,0,46.861656,0
-9243_5084,40.675489894570646,-73.950001149271,42,19.170731707317074,0.5952380952380952,21,0,62.13131,0
-9243_5085,40.682944842812,-73.94800005911917,57,15.648148148148149,0.631578947368421,27,1,75.45973,1
-9243_5086,40.69160965206445,-73.94917909474825,20,12.4,0.75,11,0,66.94948,0
-9243_5087,40.70055146248569,-73.946907200721,13,12.76923076923077,0.8461538461538461,11,0,66.36921,0
-9243_5088,40.710107301752515,-73.9486264211861,62,15.5,0.5483870967741935,24,1,54.359447,1
-9243_5089,40.715445546361806,-73.94801877793108,87,13.694117647058823,0.7241379310344828,29,0,67.57259,0
-9243_5090,40.72419652155651,-73.94912682657302,81,14.9375,0.691358024691358,32,1,61.953342,1
-9243_5091,40.730277692683,-73.95038280612701,5,17.0,0.6,3,0,65.21255,0
-9243_5092,40.742438961441,-73.95092593974742,7,15.142857142857142,0.7142857142857143,6,0,70.980774,0
-9243_5093,40.74769505348054,-73.94750774095047,50,13.729166666666666,0.64,18,0,71.46376,0
-9243_5094,40.7554491343144,-73.9486696852971,10,8.1,0.8,9,0,73.37883,0
-9243_5095,40.763237007118775,-73.95030939977511,9,13.444444444444445,0.7777777777777778,6,0,77.386375,0
-9243_5096,40.77314270965124,-73.95035492201565,37,14.432432432432432,0.7027027027027027,18,2,76.34516,1
-9243_5097,40.779967922320346,-73.949309877593,101,15.56701030927835,0.6237623762376238,28,2,73.39937,1
-9243_5098,40.789051836756684,-73.94760043889441,54,15.60377358490566,0.6851851851851852,21,0,40.218975,0
-9243_5099,40.794923942192746,-73.94687163975725,28,14.692307692307692,0.6071428571428571,12,0,23.959845,0
-9243_5100,40.804506667632815,-73.94738825412325,48,17.891304347826086,0.5625,26,1,26.75379,1
-9243_5101,40.8103799189801,-73.94734365188964,30,21.964285714285715,0.5,17,0,39.52738,0
-9243_5102,40.821238495547,-73.94805460730986,21,22.7,0.47619047619047616,13,0,77.39404,0
-9243_5103,40.826618839418984,-73.94848519143831,66,18.661290322580644,0.45454545454545453,23,2,76.326546,1
-9243_5104,40.834280577706416,-73.94482923412009,12,11.166666666666666,0.75,9,0,71.533806,0
-9244_5072,40.579007259562275,-73.95738139758028,18,18.9375,0.5555555555555556,13,0,55.55979,0
-9244_5073,40.587256451777364,-73.95391240085102,33,12.774193548387096,0.7878787878787878,17,1,69.785126,1
-9244_5074,40.598226898518845,-73.9558752821665,44,16.930232558139537,0.5681818181818182,14,0,66.669685,0
-9244_5075,40.607812122487005,-73.9581150215125,2,16.0,0.5,2,0,51.8082,0
-9244_5076,40.609375866051444,-73.95691527992332,25,13.166666666666666,0.8,15,1,39.262207,1
-9244_5077,40.618325327790465,-73.9574698772818,15,17.428571428571427,0.5333333333333333,7,0,3.995147,0
-9244_5078,40.631752761677,-73.952666980781,1,27.0,0.0,1,0,0.17792144,0
-9244_5079,40.638414588245,-73.9532610877572,10,35.0,0.4,6,0,0.5893717,0
-9244_5080,40.64422769443785,-73.95728285499874,33,14.333333333333334,0.7272727272727273,13,0,2.6288676,0
-9244_5081,40.65220022015851,-73.95733332321066,62,11.258620689655173,0.6129032258064516,21,0,14.56072,0
-9244_5082,40.65935083679935,-73.9547400896513,20,12.95,0.75,9,0,24.505777,0
-9244_5083,40.66887166968034,-73.95657298086637,38,16.72222222222222,0.6842105263157895,20,0,52.392693,0
-9244_5084,40.67449230561506,-73.95655266362107,46,15.065217391304348,0.717391304347826,21,1,63.892555,1
-9244_5085,40.683421431758326,-73.95518435707598,56,15.272727272727273,0.6071428571428571,25,1,76.84532,1
-9244_5086,40.691325850477966,-73.9560343697439,33,16.363636363636363,0.5454545454545454,15,0,63.824886,0
-9244_5087,40.700038438692,-73.9572661095465,4,21.0,0.5,1,0,46.400394,0
-9244_5088,40.709348345758166,-73.95679092704772,47,15.73913043478261,0.5957446808510638,20,0,42.874443,0
-9244_5089,40.71634926486289,-73.95705509349253,172,16.733727810650887,0.5988372093023255,44,4,48.640697,1
-9244_5090,40.72364327818298,-73.95572669700911,67,13.850746268656716,0.6417910447761194,26,1,62.31292,1
-9244_5091,40.73146589462503,-73.95601716845029,96,14.375,0.6041666666666666,28,1,63.52753,1
-9244_5092,40.74152985653243,-73.95513618356853,44,13.512195121951219,0.7272727272727273,21,0,68.68884,0
-9244_5093,40.745705433172034,-73.9540562432566,30,15.6,0.6666666666666666,18,1,73.759285,1
-9244_5094,40.75708531381667,-73.95454115879367,3,16.0,0.6666666666666666,2,0,77.94327,0
-9244_5095,40.765522180135264,-73.95734435530181,76,12.082191780821917,0.7105263157894737,25,0,80.6647,0
-9244_5096,40.772335474858345,-73.95600663529366,181,15.837078651685394,0.6132596685082873,39,1,78.08078,1
-9244_5097,40.77887512605511,-73.95458629941488,130,11.15702479338843,0.7923076923076923,32,2,75.15805,1
-9244_5098,40.78624729107637,-73.95442367395759,30,17.633333333333333,0.4666666666666667,17,0,72.72941,0
-9244_5099,40.79561814410925,-73.95259156904025,4,10.5,0.75,4,0,47.235947,0
-9244_5100,40.80425562335536,-73.95535409646803,33,14.8125,0.5757575757575758,15,0,59.965336,0
-9244_5101,40.81273057588316,-73.95718968445577,51,15.705882352941176,0.5882352941176471,23,2,78.80095,1
-9244_5102,40.81999167051247,-73.95444868722832,40,12.552631578947368,0.7,19,1,75.94952,1
-9244_5103,40.82424972962,-73.95203632197999,2,17.0,0.0,2,1,76.56825,1
-9245_5071,40.575570948712,-73.96357808266133,3,20.0,0.6666666666666666,3,0,44.82036,0
-9245_5072,40.57799399783697,-73.96378543276082,37,12.15625,0.5675675675675675,17,0,44.82036,0
-9245_5073,40.58843575295369,-73.96091559370447,13,16.75,0.5384615384615384,9,1,66.05264,1
-9245_5074,40.59699553493497,-73.9620008354232,30,15.379310344827585,0.6,19,1,66.60332,1
-9245_5075,40.60690280944371,-73.96316550985087,24,12.333333333333334,0.625,12,0,60.999466,0
-9245_5076,40.61115075038674,-73.96262688013165,23,17.347826086956523,0.6086956521739131,11,0,47.323597,0
-9245_5077,40.6209033718174,-73.96375791004479,15,18.466666666666665,0.6,5,0,12.077628,0
-9245_5078,40.626377087606414,-73.96368469431866,29,16.555555555555557,0.5862068965517241,11,0,3.603807,0
-9245_5079,40.63491690390384,-73.96521788767538,39,10.23076923076923,0.717948717948718,20,0,6.438267,0
-9245_5080,40.64085528822094,-73.96520660422895,18,12.352941176470589,0.7222222222222222,13,3,12.00125,1
-9245_5081,40.65023350855357,-73.96299881130571,21,14.7,0.6190476190476191,15,0,14.8265,0
-9245_5082,40.65948752729574,-73.96059205493555,42,13.714285714285714,0.5476190476190477,19,0,32.916065,0
-9245_5083,40.67014199491625,-73.9620194248255,4,7.5,0.75,3,0,56.56055,0
-9245_5084,40.67577801666535,-73.96337395768424,49,20.829787234042552,0.5102040816326531,24,0,69.47669,0
-9245_5085,40.68336959243106,-73.96442163312344,48,15.085106382978724,0.6666666666666666,21,0,71.165924,0
-9245_5086,40.69280549140042,-73.96443079988471,38,13.026315789473685,0.7894736842105263,21,1,66.64786,1
-9245_5087,40.698207240212575,-73.96563798548529,7,27.714285714285715,0.42857142857142855,6,0,48.539543,0
-9245_5088,40.710330921768474,-73.96392629599671,38,22.235294117647058,0.5,17,0,38.88012,0
-9245_5089,40.7150357244649,-73.96281203201805,110,14.457142857142857,0.7,34,2,43.22779,1
-9245_5090,40.72047210948675,-73.96174170321774,4,13.25,0.75,3,0,50.82597,0
-9245_5091,40.731688274123336,-73.96010434603333,3,8.0,0.6666666666666666,3,0,62.422977,0
-9245_5092,40.74170996801951,-73.96039964870701,2,11.5,1.0,2,0,71.43245,0
-9245_5094,40.75730066354591,-73.96510220920797,79,15.06578947368421,0.6075949367088608,24,0,83.53816,0
-9245_5095,40.76334656825721,-73.96447461061311,115,16.363636363636363,0.6695652173913044,31,3,82.53688,1
-9245_5096,40.77154011030916,-73.96323408416734,56,14.517857142857142,0.6607142857142857,17,2,81.93783,1
-9245_5097,40.778694858961146,-73.96113091869428,7,16.142857142857142,0.5714285714285714,5,0,79.72693,0
-9245_5099,40.797463503648686,-73.96521795783376,38,14.257142857142858,0.5789473684210527,21,0,80.85719,0
-9245_5100,40.80339367542612,-73.96504830454484,95,14.393258426966293,0.631578947368421,32,2,79.73039,1
-9245_5101,40.811146466902876,-73.96207385952337,16,11.1875,0.9375,7,0,78.7292,0
-9245_5102,40.818089610455004,-73.9604371187655,2,12.0,1.0,2,0,76.33723,0
-9246_5071,40.575689738723256,-73.9711176260205,4,16.5,0.75,4,0,33.5699,0
-9246_5072,40.5795871637566,-73.9736780165352,5,10.5,0.6,5,0,36.002,0
-9246_5073,40.589194938699,-73.97282738337121,14,23.0,0.42857142857142855,11,0,56.468964,0
-9246_5074,40.5967655746265,-73.97373126409238,8,19.285714285714285,0.75,6,0,71.803276,0
-9246_5075,40.604617218831635,-73.97137261468221,19,11.0625,0.6842105263157895,9,0,69.834816,0
-9246_5076,40.610846914968214,-73.97281654002366,23,15.55,0.6086956521739131,10,1,58.52554,1
-9246_5077,40.616818953430496,-73.9707755977995,2,10.5,1.0,2,0,50.65709,0
-9246_5078,40.62757690645066,-73.97566369632067,3,13.666666666666666,0.6666666666666666,3,0,29.312662,0
-9246_5079,40.63796395375684,-73.97010167863861,18,14.722222222222221,0.6111111111111112,12,0,15.131519,0
-9246_5080,40.64540226700007,-73.97065528608962,27,16.76923076923077,0.6296296296296297,16,0,28.779613,0
-9246_5081,40.65388684723984,-73.9729727337875,6,13.666666666666666,0.6666666666666666,6,0,40.527637,0
-9246_5083,40.667384209409,-73.974507641408,1,13.0,1.0,1,0,48.389885,0
-9246_5084,40.677533323510275,-73.9718250228548,80,17.26923076923077,0.6,33,2,72.3505,1
-9246_5085,40.683444736665656,-73.97462730403548,96,11.885416666666666,0.7083333333333334,33,0,76.7783,0
-9246_5086,40.691329363973196,-73.97071911666858,55,14.882352941176471,0.6363636363636364,25,0,70.14606,0
-9246_5087,40.69737978748293,-73.97323237463685,14,10.571428571428571,0.7857142857142857,9,0,54.850876,0
-9246_5088,40.710120224426504,-73.9685288489465,2,19.0,0.5,2,0,42.2193,0
-9246_5089,40.713143530991,-73.968321807098,1,31.0,0.0,1,0,45.898148,0
-9246_5090,40.724085987108,-73.975748586975,1,53.0,0.0,1,0,64.97005,0
-9246_5092,40.74189484635711,-73.97395213816877,9,10.333333333333334,0.8888888888888888,5,0,82.48657,0
-9246_5093,40.74962123067714,-73.97357473866104,101,15.27659574468085,0.594059405940594,32,4,83.5527,1
-9246_5094,40.75632701979701,-73.97189664430674,356,13.093294460641399,0.7191011235955056,49,10,84.31488,1
-9246_5095,40.76293796511387,-73.97255513734011,162,15.386075949367088,0.6851851851851852,33,2,85.36172,1
-9246_5096,40.76864195165734,-73.96915693786734,3,18.0,0.6666666666666666,1,0,83.61558,0
-9246_5097,40.7816080515355,-73.97474810003,8,16.0,0.375,6,0,78.566605,0
-9246_5098,40.787736707545925,-73.97334995721008,94,13.693181818181818,0.6063829787234043,26,0,75.007996,0
-9246_5099,40.79525558272619,-73.97070229309607,68,14.787878787878787,0.7058823529411765,25,1,79.42386,1
-9246_5100,40.80072600060863,-73.968141357485,8,13.0,0.75,8,0,80.06784,0
-9247_5071,40.574752255420655,-73.97968846391532,41,24.45,0.5121951219512195,22,1,33.930363,1
-9247_5072,40.57757847666736,-73.98164710937081,11,16.181818181818183,0.5454545454545454,9,0,33.930363,0
-9247_5073,40.58802870159,-73.98362183182,1,10.0,1.0,1,0,49.663536,0
-9247_5074,40.59568647524179,-73.97843223194296,24,16.695652173913043,0.6666666666666666,16,0,74.62374,0
-9247_5075,40.60494146861438,-73.98052850892225,24,18.136363636363637,0.625,13,0,73.39873,0
-9247_5076,40.612613218913495,-73.9819451671611,30,17.0,0.6,15,0,72.15737,0
-9247_5077,40.6186550279,-73.983617890206,1,0.0,0.0,1,0,61.49031,0
-9247_5078,40.62908398271933,-73.97739120432833,18,12.277777777777779,0.6111111111111112,7,0,33.782986,0
-9247_5079,40.635714558119446,-73.980461872641,9,18.555555555555557,0.6666666666666666,5,0,36.45956,0
-9247_5080,40.643054607303625,-73.97921321876915,27,18.346153846153847,0.5925925925925926,14,0,46.64669,0
-9247_5081,40.65040937440715,-73.977608999223,14,12.384615384615385,0.6428571428571429,9,0,45.671062,0
-9247_5082,40.65983077398794,-73.98092212254134,34,13.666666666666666,0.7647058823529411,21,0,31.597687,0
-9247_5083,40.66813511768817,-73.98047267346348,64,10.344262295081966,0.8125,24,0,45.019535,0
-9247_5084,40.67560823534653,-73.98084614842438,97,14.936170212765957,0.6494845360824743,26,1,59.675945,1
-9247_5085,40.68373155207542,-73.9788143224604,94,12.633333333333333,0.6595744680851063,30,1,77.75589,1
-9247_5086,40.69057435525229,-73.98237727213792,84,14.061728395061728,0.6666666666666666,31,2,74.406586,1
-9247_5087,40.70284628119533,-73.982007809049,3,6.666666666666667,1.0,3,0,57.25953,0
-9247_5089,40.7160400456751,-73.9821361549086,10,19.9,0.5,7,0,69.644775,0
-9247_5090,40.725002673885875,-73.98149209657468,123,14.092436974789916,0.6910569105691057,35,4,87.47297,1
-9247_5091,40.731004362795545,-73.98149198475004,114,16.172727272727272,0.5789473684210527,35,2,89.92185,1
-9247_5092,40.740991256586696,-73.9812101795978,147,16.035714285714285,0.6190476190476191,36,0,84.90998,0
-9247_5093,40.748490363416295,-73.98033903516524,253,18.426160337552744,0.616600790513834,46,3,87.763885,1
-9247_5094,40.756040296891236,-73.9802727963012,385,13.529411764705882,0.7012987012987013,46,3,88.1307,1
-9247_5095,40.76376939326457,-73.9809192569835,322,12.911184210526315,0.7298136645962733,43,9,87.796005,1
-9247_5096,40.77284969534556,-73.98144814769846,53,12.5,0.7358490566037735,19,2,81.51606,1
-9247_5097,40.77952732864613,-73.97991743489959,168,15.826086956521738,0.625,37,4,78.79845,1
-9247_5098,40.785590155220696,-73.97722393859407,66,16.70967741935484,0.6515151515151515,28,1,73.88868,1
-9248_5071,40.574284986112836,-73.986374730647,12,11.083333333333334,0.8333333333333334,4,0,24.98661,0
-9248_5072,40.579628105939115,-73.98589466590889,9,8.444444444444445,1.0,8,0,30.057976,0
-9248_5073,40.588777308597834,-73.98941899718034,6,16.166666666666668,0.6666666666666666,5,0,51.63342,0
-9248_5074,40.59816383968764,-73.98786589384731,25,12.6,0.76,14,1,75.89858,1
-9248_5075,40.60102044032636,-73.989429991276,14,15.1,0.5714285714285714,8,2,78.75062,1
-9248_5076,40.61171850246493,-73.98815053388607,14,12.461538461538462,0.6428571428571429,10,0,75.736626,0
-9248_5077,40.61940281361827,-73.98839361183127,30,16.433333333333334,0.7,14,2,68.864235,1
-9248_5078,40.62979206940815,-73.98572681496343,7,14.0,0.5714285714285714,3,0,59.095127,0
-9248_5079,40.637272904902936,-73.98836812800967,15,15.0,0.7333333333333333,5,0,62.41536,0
-9248_5080,40.643124340187875,-73.98874667518075,8,15.75,0.625,6,0,61.12226,0
-9248_5082,40.6625898155082,-73.98706925682374,35,13.411764705882353,0.7142857142857143,14,0,32.64829,0
-9248_5083,40.668599931664644,-73.98723883294198,84,12.097560975609756,0.7619047619047619,29,0,30.82626,0
-9248_5084,40.67639842974454,-73.98684424906008,26,11.423076923076923,0.8076923076923077,14,0,55.348957,0
-9248_5085,40.68592192566579,-73.98975110204556,48,14.347826086956522,0.625,25,1,74.29062,1
-9248_5086,40.69148168900806,-73.98809003719738,128,11.571428571428571,0.71875,35,4,76.3982,1
-9248_5087,40.70204493769106,-73.98854383283947,51,13.66,0.6862745098039216,26,0,76.785,0
-9248_5088,40.7042898434585,-73.987445107401,2,43.5,0.0,2,0,63.07838,0
-9248_5089,40.717278299230344,-73.98916443051118,238,14.314410480349345,0.592436974789916,49,6,87.319115,1
-9248_5090,40.72432537920952,-73.9875257554622,342,14.729483282674773,0.672514619883041,51,13,90.84742,1
-9248_5091,40.73116152226606,-73.98782095726204,272,15.313725490196079,0.6029411764705882,42,13,93.27924,1
-9248_5092,40.74017642182621,-73.98827078700904,256,13.076923076923077,0.73046875,45,0,91.77449,0
-9248_5093,40.748296830593645,-73.9881003722724,517,13.362376237623762,0.7253384912959381,48,8,89.862915,1
-9248_5094,40.75595291922536,-73.98808581123636,409,15.141414141414142,0.6430317848410758,46,5,88.85036,1
-9248_5095,40.76290713225458,-73.98791258467676,298,16.035087719298247,0.5805369127516778,46,3,85.35305,1
-9248_5096,40.77071294656752,-73.98745745406823,52,14.959183673469388,0.6538461538461539,18,0,79.51328,0
-9248_5097,40.77666668167,-73.98922949915,1,13.0,1.0,1,0,77.08794,0
-9249_5071,40.5753960806382,-73.9958891345248,5,15.0,0.4,4,0,28.482454,0
-9249_5073,40.591278610220336,-73.99372541678066,3,9.666666666666666,1.0,2,0,64.0076,0
-9249_5074,40.596795187910814,-73.997191016016,11,13.636363636363637,0.6363636363636364,11,0,75.162544,0
-9249_5075,40.603727326967885,-73.99677459910724,68,14.784615384615385,0.6470588235294118,19,1,77.03968,1
-9249_5076,40.61356392319728,-73.99530249715235,28,14.428571428571429,0.6428571428571429,14,0,78.51795,0
-9249_5077,40.61880192491268,-73.99571326665013,22,18.818181818181817,0.5454545454545454,12,0,70.24024,0
-9249_5078,40.626173532444284,-73.99757912442271,14,16.142857142857142,0.7857142857142857,9,0,69.29489,0
-9249_5079,40.635443791553776,-73.99498783536696,22,24.045454545454547,0.45454545454545453,10,0,70.2116,0
-9249_5080,40.64422892432571,-73.9968271691628,31,14.0,0.6774193548387096,12,3,76.40488,1
-9249_5081,40.65582877996,-73.99917466983,1,13.0,1.0,1,0,39.29094,0
-9249_5082,40.66160196216271,-73.99479595456539,21,13.380952380952381,0.7619047619047619,12,0,29.22395,0
-9249_5083,40.666981916081944,-73.99347236086018,17,11.5625,0.6470588235294118,11,0,30.342365,0
-9249_5084,40.676873624133236,-73.9977323097676,33,13.484848484848484,0.7878787878787878,14,0,27.147112,0
-9249_5085,40.68380641455665,-73.99459288944031,94,15.815217391304348,0.6170212765957447,30,0,53.250824,0
-9249_5086,40.69196463925533,-73.99481374586344,76,15.685714285714285,0.5789473684210527,25,2,71.67179,1
-9249_5087,40.701521140252844,-73.99308773850582,56,15.277777777777779,0.625,25,1,75.62516,1
-9249_5088,40.7118104636575,-73.99697094034825,4,19.75,0.75,3,0,87.67563,0
-9249_5089,40.71631618196265,-73.99667551483603,337,16.096875,0.5548961424332344,31,15,90.0137,1
-9249_5090,40.723194443295924,-73.99565177408019,245,13.660869565217391,0.6408163265306123,45,5,91.11869,1
-9249_5091,40.73198872709943,-73.9960794719663,206,13.201005025125628,0.7475728155339806,38,3,93.45225,1
-9249_5092,40.74015762319544,-73.99557367255916,157,12.506849315068493,0.7070063694267515,42,1,90.56249,1
-9249_5093,40.74801978875084,-73.99504666649142,189,14.220994475138122,0.6507936507936508,41,2,88.38845,1
-9249_5094,40.75514191264533,-73.99508074065736,189,15.172972972972973,0.656084656084656,43,1,86.28587,1
-9249_5095,40.762572073363934,-73.99467061088814,59,16.842105263157894,0.5932203389830508,22,0,80.036514,0
-9249_5096,40.770061994559,-73.99303724946341,5,9.8,1.0,2,0,77.8168,0
-9250_5071,40.57476700421,-74.00339089015,1,12.0,1.0,1,0,24.35208,0
-9250_5074,40.595425702365745,-74.000450997852,4,13.25,0.75,4,0,73.557205,0
-9250_5075,40.60433346612369,-74.00281070616583,42,15.210526315789474,0.6904761904761905,23,1,76.06971,1
-9250_5076,40.611008266378334,-74.00242155885647,30,15.551724137931034,0.6,13,3,77.901474,1
-9250_5077,40.621490882306105,-74.0048346778958,20,16.22222222222222,0.55,12,0,76.680405,0
-9250_5078,40.629123957824866,-74.00522884732834,23,22.73913043478261,0.5652173913043478,9,0,66.82055,0
-9250_5079,40.637416203543275,-74.00575100770436,57,15.50909090909091,0.6140350877192983,10,3,78.583,1
-9250_5080,40.64274110620186,-74.00413669387741,71,14.072463768115941,0.647887323943662,14,3,77.348976,1
-9250_5081,40.652837419074395,-74.00507744182767,63,15.774193548387096,0.6984126984126984,22,0,64.16227,0
-9250_5082,40.657210399276295,-74.00507608402947,17,11.875,0.7058823529411765,14,0,37.242374,0
-9250_5083,40.67096348119,-74.00137346037,1,2.0,1.0,1,0,21.259954,0
-9250_5084,40.6768756161865,-74.00468856911625,8,10.428571428571429,0.75,7,0,27.471334,0
-9250_5085,40.68432515704152,-74.00237316502582,21,15.047619047619047,0.47619047619047616,12,0,39.374847,0
-9250_5086,40.6937931508155,-74.0008834994515,2,31.0,0.5,2,0,71.82443,0
-9250_5087,40.70357944854,-74.00659656902,1,12.0,1.0,1,0,76.129616,0
-9250_5088,40.70815622952819,-74.00566317520757,140,15.62962962962963,0.6714285714285714,36,3,80.69273,1
-9250_5089,40.71721820956201,-74.00494000308626,96,15.460674157303371,0.6041666666666666,34,1,87.29542,1
-9250_5090,40.725219279746845,-74.00340404480866,183,13.120689655172415,0.6994535519125683,35,2,89.8533,1
-9250_5091,40.73190399936744,-74.00311010466956,378,14.908839779005525,0.6349206349206349,52,2,90.62811,1
-9250_5092,40.74014226185215,-74.00360137451888,200,14.223958333333334,0.665,41,5,88.52132,1
-9250_5093,40.747917012944974,-74.00361668880134,73,13.352112676056338,0.7808219178082192,24,1,82.549736,1
-9250_5094,40.75407842087051,-74.0012952821456,64,9.0,0.90625,21,0,83.59674,0
-9250_5095,40.76154358007,-74.00006858628,1,12.0,1.0,1,0,80.19642,0
-9251_5075,40.605401300587666,-74.00868880847933,3,9.333333333333334,1.0,3,0,72.943756,0
-9251_5076,40.61226584470746,-74.01056119307701,11,18.7,0.5454545454545454,10,0,75.012276,0
-9251_5077,40.618858749837536,-74.00896052693261,13,13.846153846153847,0.46153846153846156,11,0,78.86765,0
-9251_5078,40.629234076672404,-74.01215233817456,20,19.42105263157895,0.5,9,1,77.858955,1
-9251_5079,40.63636100999157,-74.01040413422469,99,15.494736842105263,0.6161616161616161,20,5,77.8786,1
-9251_5080,40.64378649542364,-74.01190123823078,75,12.070422535211268,0.6533333333333333,20,0,77.4154,0
-9251_5081,40.651227489662574,-74.01068101181738,26,12.884615384615385,0.6923076923076923,10,0,64.18961,0
-9251_5084,40.67714017082355,-74.01264492074066,20,10.105263157894736,0.8,15,0,23.154448,0
-9251_5085,40.68097610565,-74.00865302287,1,5.0,1.0,1,0,33.235245,0
-9251_5087,40.70283521416645,-74.01159762090941,61,11.947368421052632,0.7213114754098361,28,1,75.93983,1
-9251_5088,40.70820159808527,-74.01144261246897,244,13.142241379310345,0.6967213114754098,48,3,79.226456,1
-9251_5089,40.715401583293925,-74.01061552695735,138,11.962686567164178,0.6304347826086957,32,3,82.42066,1
-9251_5090,40.7225938169195,-74.00943949854657,30,12.482758620689655,0.7333333333333333,13,0,85.022575,0
-9251_5091,40.73176086211162,-74.00912619850762,13,15.0,0.7692307692307693,10,0,87.18857,0
-9251_5092,40.74144190519089,-74.00860523129553,28,12.88,0.6071428571428571,15,0,84.20276,0
-9251_5093,40.747623686284,-74.008321261906,3,16.0,0.6666666666666666,2,0,79.9313,0
-9252_5077,40.6184615509654,-74.02120447218661,5,12.0,0.8,4,0,74.45391,0
-9252_5078,40.62893367060867,-74.02291014096953,30,13.0,0.6,17,0,71.34197,0
-9252_5079,40.63513559848775,-74.02089601765564,40,14.81578947368421,0.625,13,0,67.500946,0
-9252_5080,40.643495428678726,-74.01877208262972,22,9.681818181818182,0.8636363636363636,13,0,67.56276,0
-9252_5081,40.648356129019,-74.017672332397,1,63.0,0.0,1,0,73.741585,0
-9252_5084,40.675549730951,-74.01654635161067,3,40.666666666666664,0.6666666666666666,2,0,20.278397,0
-9252_5088,40.70866511459525,-74.0170436225975,4,25.5,0.5,4,0,76.48303,0
-9252_5089,40.714892432544126,-74.0162169243935,8,10.0,1.0,5,1,80.83611,1
-9253_5076,40.6157408373928,-74.0311743507722,5,11.2,0.8,4,0,68.74587,0
-9253_5077,40.62133540196517,-74.0288529376961,82,15.012658227848101,0.6341463414634146,29,3,73.05219,1
-9253_5078,40.62759086896711,-74.02842821775252,55,15.072727272727272,0.7090909090909091,22,0,66.65615,0
-9253_5079,40.63428421196712,-74.02682783658236,57,14.320754716981131,0.6140350877192983,24,0,65.92466,0
-9253_5080,40.646052086828,-74.024096817066,1,6.0,1.0,1,0,65.68629,0
-9254_5076,40.613752421926144,-74.03421949854801,7,11.714285714285714,0.8571428571428571,5,0,67.71154,0
-9254_5077,40.61888023200475,-74.03296333601205,20,16.31578947368421,0.6,13,0,68.74587,0
-9254_5079,40.63852581476,-74.0350403805285,2,10.0,0.5,2,0,56.53053,0
-9257_5074,40.59770699188,-74.06324643368,1,12.0,1.0,1,0,90.33286,0
-9257_5076,40.610140339172,-74.0632265647976,5,26.2,0.6,5,0,7.4529276,0
-9258_5073,40.590816491325,-74.067542533395,2,18.5,0.0,2,0,85.5647,0
-9258_5074,40.594837444162216,-74.06805588399666,9,10.555555555555555,0.6666666666666666,8,1,84.437584,1
-9258_5076,40.6141950683115,-74.06684050814519,10,11.8,0.6,7,0,1.5193301,0
-9258_5077,40.61772117271958,-74.06872044672728,7,10.714285714285714,0.8571428571428571,7,0,1.5361836,0
-9259_5074,40.59830512587814,-74.07698616945329,7,14.142857142857142,0.5714285714285714,6,1,86.18118,1
-9259_5076,40.6148464789295,-74.0730327315745,2,7.5,1.0,2,0,2.596511,0
-9259_5077,40.6190994701405,-74.07311120350701,2,14.5,0.5,1,0,2.593928,0
-9259_5078,40.627957687368124,-74.07625476675952,25,17.958333333333332,0.64,16,0,1.7671957,0
-9259_5079,40.63722153323543,-74.07754632051885,21,16.857142857142858,0.6190476190476191,13,1,24.35855,1
-9259_5080,40.64340389468272,-74.076054357719,32,12.548387096774194,0.53125,17,0,34.398563,0
-9260_5073,40.59192144288,-74.08754498775,1,22.0,0.0,1,0,61.58616,0
-9260_5074,40.59550007656311,-74.08566624382838,18,14.666666666666666,0.5555555555555556,11,2,77.274734,1
-9260_5075,40.602948589951,-74.08392678161576,4,8.5,0.75,4,0,57.541172,0
-9260_5076,40.609103481533,-74.087981782462,1,11.0,1.0,1,0,26.369831,0
-9260_5077,40.62113171024125,-74.0835381419315,4,21.0,0.5,3,0,2.5953248,0
-9260_5078,40.624221576236,-74.080786280375,1,27.0,0.0,1,0,1.5991894,0
-9260_5079,40.6364586189683,-74.0845731294694,10,12.3,0.6,6,0,8.305784,0
-9260_5080,40.64572324567,-74.08588616449,1,13.0,0.0,1,0,10.571652,0
-9261_5071,40.57221443925233,-74.09372825597866,3,17.333333333333332,0.3333333333333333,3,0,69.246,0
-9261_5073,40.586631486876556,-74.09217058535972,18,15.38888888888889,0.6666666666666666,11,0,48.45434,0
-9261_5074,40.596219273318,-74.095065584892,2,40.5,0.0,1,0,39.804935,0
-9261_5075,40.60090383777,-74.092681158388,1,13.0,1.0,1,0,51.9978,0
-9261_5076,40.611927746693496,-74.08813859049249,2,26.0,0.0,2,0,9.024768,0
-9261_5077,40.6161298109,-74.09524893217,2,8.5,1.0,1,0,33.614132,0
-9261_5078,40.62878041249,-74.08855181453,1,12.0,1.0,1,0,2.3846934,0
-9261_5080,40.642958379523336,-74.09509520297433,3,9.666666666666666,0.6666666666666666,3,0,6.080171,0
-9262_5070,40.56592483354867,-74.10063585215734,3,10.666666666666666,0.6666666666666666,1,0,77.38006,0
-9262_5072,40.5793142340865,-74.10049585344544,16,14.9375,0.5625,11,1,58.009033,1
-9262_5073,40.58882485690569,-74.10236567424725,16,18.875,0.5625,10,0,44.837013,0
-9262_5074,40.594227202425,-74.0991567625715,2,18.0,0.5,2,0,40.442978,0
-9262_5076,40.613366849845,-74.100456725438,1,7.0,1.0,1,0,53.88351,0
-9262_5077,40.6173062283165,-74.10231820918334,6,15.833333333333334,0.5,6,1,32.209625,1
-9262_5078,40.63088755932557,-74.102932271713,14,12.5,0.7142857142857143,11,0,3.8125567,0
-9262_5079,40.633992761544,-74.098625204701,1,20.0,0.0,1,0,2.5628808,0
-9262_5080,40.644686428183,-74.09863386562,2,7.0,1.0,2,0,3.9493732,0
-9263_5070,40.56131113026,-74.10439457197,1,11.0,1.0,1,0,74.73366,0
-9263_5071,40.571326842660625,-74.10947185269298,29,13.241379310344827,0.6551724137931034,17,1,79.21002,1
-9263_5072,40.57958253305844,-74.10900205174568,9,12.333333333333334,0.7777777777777778,8,0,57.62205,0
-9263_5073,40.588148695433,-74.10642532246334,3,8.0,1.0,1,0,31.711319,0
-9263_5077,40.61823187799,-74.10516111802,1,28.0,0.0,1,0,12.51439,0
-9263_5078,40.630169860550666,-74.10842219873645,18,10.444444444444445,0.8888888888888888,11,0,1.1975708,0
-9263_5079,40.634720023303004,-74.110034930184,4,11.25,0.75,4,0,0.56909823,0
-9263_5080,40.64522078337533,-74.10576235962667,3,13.666666666666666,0.6666666666666666,2,0,1.9331131,0
-9264_5070,40.56674525427205,-74.11348112572816,19,12.526315789473685,0.7368421052631579,14,0,58.819054,0
-9264_5071,40.573063099353234,-74.11512042205362,26,13.884615384615385,0.6923076923076923,14,1,77.79655,1
-9264_5072,40.58273198807,-74.11255002101,1,13.0,1.0,1,0,36.379166,0
-9264_5078,40.628748567537905,-74.11534428068082,11,13.727272727272727,0.6363636363636364,7,0,0.5736977,0
-9264_5079,40.6361208669676,-74.11799084864761,5,15.25,0.6,4,0,0.059647717,0
-9265_5070,40.5648647865425,-74.1275714000745,4,13.666666666666666,0.5,4,0,22.391548,0
-9265_5071,40.573004831027994,-74.12703990516268,3,18.333333333333332,0.3333333333333333,3,0,31.95296,0
-9265_5074,40.594446818183,-74.125676534427,1,10.0,1.0,1,0,26.620996,0
-9265_5075,40.60522796595544,-74.12093756142644,9,17.88888888888889,0.5555555555555556,7,0,9.526966,0
-9265_5076,40.61252597626007,-74.12318497753222,27,13.0,0.7037037037037037,15,2,12.454414,1
-9265_5077,40.617417452529,-74.123618192153,2,27.0,0.5,2,0,5.555301,0
-9265_5078,40.62766056888433,-74.12567563851566,3,25.0,0.0,3,0,0.041741405,0
-9265_5079,40.6339787751492,-74.124276969187,5,8.4,0.8,2,0,0.056229126,0
-9266_5070,40.5623316602411,-74.1331784214285,10,9.8,0.8,8,0,14.390002,0
-9266_5074,40.599642209161,-74.131015862648,1,19.0,0.0,1,0,24.382156,0
-9266_5075,40.60356117984,-74.13152955600799,2,7.5,1.0,2,0,18.680614,0
-9266_5076,40.61258441376229,-74.13069389842435,17,18.764705882352942,0.35294117647058826,11,0,6.437294,0
-9266_5078,40.62637782591969,-74.13233536012174,32,17.75,0.5625,18,0,0.12630366,0
-9266_5079,40.63624300219889,-74.13419958007867,18,17.833333333333332,0.4444444444444444,8,0,0.061411712,0
-9266_5080,40.640285664643,-74.1310022875365,2,22.0,0.0,2,0,0.050921135,0
-9267_5067,40.542719536269004,-74.14232729946849,2,12.5,1.0,2,0,61.65588,0
-9267_5068,40.544390262195,-74.14079990891,2,18.5,0.5,2,0,65.84578,0
-9267_5069,40.553491391849505,-74.143500063126,2,9.5,1.0,2,0,31.393803,0
-9267_5071,40.5729618040855,-74.136594867906,2,8.5,1.0,2,0,8.755652,0
-9267_5076,40.612044120311,-74.137231607016,1,9.0,1.0,1,0,9.978871,0
-9267_5077,40.616137572684,-74.138702432478,1,30.0,0.0,1,0,3.7028053,0
-9267_5078,40.62604028576916,-74.14025546081716,19,11.411764705882353,0.7368421052631579,12,0,0.36005548,0
-9267_5079,40.6337297303635,-74.1425077394385,2,25.5,0.0,2,0,0.24005097,0
-9268_5067,40.53924744615565,-74.1486658415743,17,14.411764705882353,0.5294117647058824,9,1,60.930305,1
-9268_5068,40.550811681693304,-74.15028096770338,13,14.0,0.7692307692307693,10,0,33.315166,0
-9268_5069,40.5560567296305,-74.1496664435015,2,11.0,1.0,2,0,26.03089,0
-9268_5071,40.571894366649,-74.145276519568,1,13.0,1.0,1,0,8.745768,0
-9268_5076,40.61026786382867,-74.14640121028732,3,19.0,0.3333333333333333,3,0,45.787434,0
-9268_5077,40.6235029700702,-74.14915874529461,5,13.6,0.8,4,1,36.229126,1
-9268_5078,40.625847469755,-74.14686137925764,14,13.153846153846153,0.6428571428571429,11,0,16.483633,0
-9269_5068,40.54665201291834,-74.158596971965,3,24.0,0.3333333333333333,3,1,37.535614,1
-9269_5070,40.56419263626,-74.15559273523,1,12.0,1.0,1,0,24.2165,0
-9269_5076,40.61250639655245,-74.15797609008479,18,13.277777777777779,0.6666666666666666,11,3,80.03064,1
-9269_5078,40.6260265627815,-74.15663265367026,4,16.75,0.5,4,0,18.427301,0
-9269_5079,40.634601455150005,-74.156998795235,2,14.0,0.5,2,0,15.751378,0
-9270_5066,40.529119023309505,-74.1619641669165,2,15.5,0.5,2,0,37.559647,0
-9270_5067,40.54290528898012,-74.16400356898038,8,16.5,0.625,6,0,28.134415,0
-9270_5068,40.544908035237576,-74.162758850524,21,18.952380952380953,0.47619047619047616,14,0,27.376545,0
-9270_5070,40.560219807688,-74.16424237707785,7,9.428571428571429,1.0,7,0,21.914408,0
-9270_5072,40.57714172198025,-74.164064560971,4,13.75,0.5,4,0,23.443647,0
-9270_5073,40.59011980937027,-74.1651001443312,15,9.666666666666666,0.7333333333333333,10,0,49.496803,0
-9270_5074,40.595277978370504,-74.16307764367801,2,14.5,0.5,2,0,13.519725,0
-9270_5075,40.60436802351586,-74.16219215593928,7,12.857142857142858,0.8571428571428571,5,0,37.554146,0
-9270_5076,40.608078102501715,-74.16226090804172,7,14.285714285714286,0.5714285714285714,7,0,44.87113,0
-9270_5078,40.62683812163407,-74.16328158953046,13,20.846153846153847,0.23076923076923078,11,0,41.94887,0
-9270_5079,40.635341905404,-74.166218649757,1,7.0,1.0,1,0,50.277447,0
-9271_5069,40.55904704955575,-74.1694487863205,4,14.5,0.75,3,0,16.762924,0
-9271_5070,40.560184376407,-74.1697126009515,2,12.0,1.0,2,0,21.216831,0
-9271_5071,40.57592016823,-74.169792335024,1,23.0,0.0,1,0,43.901253,0
-9271_5072,40.58170854705767,-74.16913002261832,40,14.55,0.525,19,1,63.648533,1
-9271_5073,40.5856921591285,-74.1685085725775,2,8.5,1.0,2,0,44.605507,0
-9271_5075,40.60283781438067,-74.17197257270168,3,26.0,0.0,1,0,10.528683,0
-9271_5076,40.612452518377,-74.17544666534741,5,21.4,0.8,2,0,19.85332,0
-9271_5077,40.62207668828,-74.16972648882,1,25.0,0.0,1,1,54.98767,1
-9271_5078,40.62793447055633,-74.168524379871,6,13.166666666666666,0.8333333333333334,5,0,46.74537,0
-9272_5067,40.54135433884891,-74.17743142037428,11,17.818181818181817,0.45454545454545453,7,0,11.353994,0
-9272_5074,40.597300191971,-74.181765883807,1,11.0,1.0,1,0,3.5244656,0
-9272_5075,40.6024146428945,-74.17856164555717,6,14.833333333333334,0.8333333333333334,5,0,4.5703044,0
-9272_5079,40.633637093936,-74.182636250251,1,20.0,0.0,1,0,33.98383,0
-9273_5069,40.553076253078665,-74.19173172543866,3,12.0,0.6666666666666666,3,0,0.17830856,0
-9273_5070,40.56250743365,-74.19169771377,1,27.0,0.0,1,0,0.15155526,0
-9273_5073,40.5892563541395,-74.191168111281,2,12.0,0.5,2,0,1.810725,0
-9273_5074,40.5931850219435,-74.1881530166565,2,18.0,0.5,2,0,1.1793572,0
-9273_5075,40.602754550315,-74.191586841759,1,0.0,0.0,1,0,2.3437157,0
-9274_5064,40.513729417996,-74.19666417106,1,11.0,1.0,1,0,5.4766197,0
-9274_5066,40.53269538320867,-74.19217387310667,9,15.333333333333334,0.5555555555555556,7,0,0.79526377,0
-9274_5069,40.55371699346667,-74.194247774788,3,12.0,1.0,3,0,0.042352084,0
-9274_5070,40.56140220170625,-74.19480762272775,4,20.75,0.25,4,0,0.0938033,0
-9274_5073,40.588400822735,-74.1931170824,2,11.0,0.5,2,0,1.8107259,0
-9274_5075,40.601618612535,-74.192979008685,2,11.0,1.0,2,0,0.6828132,0
-9275_5065,40.526031128414665,-74.20166862461183,6,13.0,0.8333333333333334,6,0,1.5324404,0
-9275_5067,40.54177342666534,-74.20681633265033,3,9.666666666666666,1.0,3,0,0.22330467,0
-9275_5068,40.55106468164,-74.20111055392,1,11.0,1.0,1,0,0.05241568,0
-9276_5065,40.5236322606695,-74.21590275285399,2,9.5,1.0,2,0,0.03704989,0
-9276_5067,40.54251183157333,-74.20829977791823,9,16.666666666666668,0.4444444444444444,9,0,0.22330467,0
-9276_5068,40.550865103045,-74.211329376645,2,9.5,1.0,2,0,0.1880619,0
-9276_5069,40.553879828526,-74.2130428850925,2,22.0,0.0,2,0,0.11223285,0
-9277_5065,40.52180243025657,-74.21695351365986,7,7.571428571428571,1.0,5,0,0.03704991,0
-9277_5068,40.54901229507367,-74.22104846737899,3,12.0,0.3333333333333333,3,0,0.5348393,0
-9277_5069,40.55348515371,-74.2178402386,1,26.0,0.0,1,0,0.5348393,0
-9278_5063,40.509029362742,-74.2295674774785,2,10.5,0.0,2,0,0.08496244,0
-9278_5064,40.519047451128,-74.229790819766,1,10.0,1.0,1,0,0.02761363,0
-9278_5065,40.52772593306933,-74.23144068272832,3,11.666666666666666,0.6666666666666666,2,0,0.04736186,0
-9278_5066,40.529520247479,-74.23137737304835,3,12.666666666666666,0.6666666666666666,3,0,0.056415074,0
-9279_5062,40.499562710294,-74.238863670105,1,5.0,1.0,1,0,2.7168448,0
-9279_5064,40.51678905467854,-74.23459712243061,13,13.384615384615385,0.6923076923076923,10,0,0.02699173,0
-9279_5065,40.52361708105092,-74.23609797504682,27,11.851851851851851,0.7407407407407407,16,0,0.02783816,0
-9279_5066,40.5338155682755,-74.23930134438649,2,18.5,0.5,2,0,0.8192108,0
-9279_5067,40.538163301405,-74.2373418266325,2,15.5,0.5,2,0,0.8192108,0
-9279_5068,40.544251889206,-74.233036898641,1,5.0,1.0,1,0,6.237402,0
-9280_5063,40.510379045139004,-74.24320297960071,7,25.571428571428573,0.14285714285714285,5,0,0.08496236,0
-9280_5064,40.517308404731,-74.241221938172,1,0.0,0.0,1,0,0.047947314,0
-9280_5067,40.53682875419,-74.24024575498,1,2.0,1.0,1,0,0.8192108,0
-9281_5063,40.51078299797167,-74.24852741486067,3,17.0,0.3333333333333333,3,0,0.13617048,0
-9281_5064,40.514079253789504,-74.24822323398149,2,10.0,1.0,2,0,0.11171673,0
