cuisine,grid_size,n_grids,n_pos,pos_ratio,test_acc,test_f1,test_auc,test_auc_std
American,0.005,1940,1068,0.5505154639175258,0.7277511961722487,0.7089215098699191,0.728436018957346,0.005150240385670898
Chinese,0.005,1940,935,0.48195876288659795,0.6679425837320574,0.7011268803987738,0.6784224445210991,0.006207608674724798
Pizza,0.005,1940,874,0.4505154639175258,0.7033492822966507,0.6489321020819171,0.6954255393749562,0.0027690210989307707
Coffee/Tea,0.005,1940,674,0.3474226804123711,0.7665071770334928,0.6070724218797507,0.7336622807017543,0.0022404404322041763
Mexican,0.005,1940,537,0.2768041237113402,0.7397129186602871,0.6058577766649623,0.7533551702377018,0.0036788194839665832
Bakery Products/Desserts,0.005,1940,489,0.2520618556701031,0.7746411483253588,0.5745174371921931,0.7680923866552608,0.0032505165084320497
Chicken,0.005,1940,488,0.2515463917525773,0.6923444976076555,0.5676129794001727,0.747579240682689,0.007814317603236906
Latin American,0.005,1940,481,0.24793814432989691,0.7220095693779904,0.5829027051695416,0.749929724833682,0.003413919999201241
Donuts,0.005,1940,437,0.2252577319587629,0.6889952153110047,0.4716257967650125,0.6835948444942561,0.002464766071764068
Italian,0.005,1940,386,0.19896907216494844,0.8837320574162678,0.6389669202760094,0.8464997964997965,0.0015661750344768276
Japanese,0.005,1940,411,0.21185567010309278,0.791866028708134,0.5763930047801278,0.7950581395348838,0.009636067719725016
Caribbean,0.005,1940,361,0.18608247422680413,0.7593301435406699,0.6495010258837247,0.8221177290142807,0.0026543697340010463
Hamburgers,0.005,1940,345,0.17783505154639176,0.6531100478468899,0.491237721399178,0.7472473604826546,0.00207972582701925
Sandwiches,0.005,1940,324,0.1670103092783505,0.7746411483253588,0.46775888699338014,0.7441622208583164,0.005353254276375893
"Juice, Smoothies, Fruit Salads",0.005,1940,353,0.18195876288659793,0.8315789473684211,0.5800223619213905,0.8282989471696333,0.0032477686502917816
Spanish,0.008,1051,244,0.23215984776403426,0.7592920353982301,0.6263111292681438,0.7555886736214605,0.008917073838920951
Asian/Asian Fusion,0.008,1051,184,0.17507136060894388,0.7513274336283186,0.48833892564437953,0.7572026925953628,0.007695168373225729
Thai,0.008,1051,157,0.1493815413891532,0.8150442477876106,0.5013466109608766,0.841460396039604,0.004067246714147276
Indian,0.008,1051,148,0.14081826831588962,0.8646017699115044,0.5900116959064328,0.9053544656243308,0.0037354066226854992
Korean,0.01,739,95,0.12855209742895804,0.827027027027027,0.5396787423103212,0.79453125,0.0034938562148434213
